,PMHC,PATIENT_ID,TISSUE_TYPE,MHC,ALT_EPI_SEQ,PEP_LEN,MEASURED_BINDING_AFFINITY,NETMHC_PAN_BINDING_AFFINITY,TUMOR_ABUNDANCE,BINDING_STABILITY,FRAC_HYDROPHOBIC,AGRETOPICITY,FOREIGNNESS,MUTATION_POSITION,NUMBER_PREDICTING,VALIDATED,TCR_FLOW_I,TCR_FLOW_I_QUANT,TCR_NANOPARTICLE,TCR_FLOW_II,TCR_FLOW_II_QUANT,ref_peptide_candidates
0,A*01:01_ASSFLKSFY,3,PBMC,A*01:01,ASSFLKSFY,9,45.0,132.1,57.8190510096,0.76,0.333333333333333,0.019019294583606,0.0,2.0,11.0,False,0.0,0.0,,0.0,0.0,APSFLKSFY
1,A*01:01_ATLFSDSWYY,3,PBMC,A*01:01,ATLFSDSWYY,10,33.0,251.7,51.8572495,2.2,0.3,0.838764951301935,0.0,3.0,10.0,False,0.0,0.0,,0.0,0.0,ATPFSDSWYY
2,A*01:01_CSDSGKSFINY,3,PBMC,A*01:01,CSDSGKSFINY,11,77.0,64.8,30.38959,2.24,0.272727272727273,0.0108511076826198,9.27629164654794e-20,11.0,8.0,False,0.0,0.0011,,0.0,0.0,CSDSGKSFINH
3,A*01:01_CVDWLIAVY,2,PBMC,A*01:01,CVDWLIAVY,9,0.0,38.7,159.96769,2.28,0.666666666666667,1.23834544652356,0.0,5.0,13.0,False,0.0,0.0,,0.0,0.0,CVDWSIAVY
4,A*01:01_DTDSRFISY,3,PBMC,A*01:01,DTDSRFISY,9,3.0,24.0,45.76528,1.21,0.222222222222222,1.05727666963012,0.0,8.0,13.0,False,0.0,0.0,,0.0,0.0,DTDSRFIPY
5,A*01:01_ELTQGYIYFY,2,PBMC,A*01:01,ELTQGYIYFY,10,1320.0,481.3,24.6341941,2.8,0.3,0.0376862843041789,,10.0,8.0,False,0.0,0.0,,0.0,0.0,ELTQGYIYFH
6,A*01:01_ESEPYTFSY,3,PBMC,A*01:01,ESEPYTFSY,9,,22.7,1.9711624,1.82,0.111111111111111,0.00499976713053956,0.0,9.0,5.0,False,0.0,0.0,,0.0,0.0,ESEPYTFSH
7,A*01:01_FATCLGLFY,3,PBMC,A*01:01,FATCLGLFY,9,354.0,88.3,45.6165775,2.22,0.555555555555556,0.291195565690515,2.66881892112655e-11,8.0,12.0,False,0.0,0.0,,0.0,0.0,FATCLGLVY;FATCLGLSY
8,A*01:01_FSDCEIFY,3,PBMC,A*01:01,FSDCEIFY,8,30.0,29.1,6.784976,2.9,0.5,0.421704343997472,0.992380228905816,7.0,6.0,False,0.0,0.0,,0.0,0.0,FSDCEISY
9,A*01:01_FSDVGEVPY,3,PBMC,A*01:01,FSDVGEVPY,9,9.0,7.2,,1.06,0.333333333333333,0.612115520891766,0.999999849112565,1.0,8.0,False,0.0,0.0,,0.0,0.0,LSDVGEVPY
10,A*01:01_FSEAGIHY,2,PBMC,A*01:01,FSEAGIHY,8,,705.9,35.77317,0.92,0.25,0.0280896117512828,0.0,2.0,6.0,False,0.0,0.0,,0.0,0.0,FPEAGIHY
11,A*01:01_FSSPTHSLY,2,PBMC,A*01:01,FSSPTHSLY,9,0.0,12.3,51.141934,1.34,0.222222222222222,0.289938210517892,0.0,1.0,16.0,False,0.0,0.0,,0.0,0.0,SSSPTHSLY
12,A*01:01_FSSPTHSLYV,2,PBMC,A*01:01,FSSPTHSLYV,10,42.0,314.0,51.141934,1.34,0.3,0.166728703889253,0.0,1.0,8.0,False,0.0,0.0,,0.0,0.0,SSSPTHSLYV
13,A*01:01_FTADQKVVY,3,PBMC,A*01:01,FTADQKVVY,9,,81.4,41.25845,0.81,0.333333333333333,1.18489355094413,0.0,7.0,15.0,False,0.0,0.0,,0.0,0.0,FTADQKAVY
14,A*01:01_FTASSFLKSFY,3,PBMC,A*01:01,FTASSFLKSFY,11,,33.2,57.8190510096,1.52,0.363636363636364,0.872761053485325,,4.0,8.0,False,0.0,0.0,,0.0,0.0,FTAPSFLKSFY
15,A*01:01_FTDRERHCF,3,PBMC,A*01:01,FTDRERHCF,9,372.0,184.3,1.0339814,0.77,0.333333333333333,0.0559594748162822,0.0,9.0,4.0,False,0.0,0.0,,0.0,0.0,FTDRERHCS
16,A*01:01_FTNESYLELY,3,PBMC,A*01:01,FTNESYLELY,10,2.0,7.5,62.9918092,2.83,0.3,2.29119252986189,6.95160807530515e-09,3.0,11.0,True,1.0,1.05,,1.0,0.153,FTDESYLELY
17,A*01:01_FTQEDPQMVY,3,PBMC,A*01:01,FTQEDPQMVY,10,12.0,18.6,31.714171,1.11,0.3,0.492316439702064,5.46892588183849e-24,1.0,9.0,False,0.0,0.0,,0.0,0.0,LTQEDPQMVY
18,A*01:01_GDTDSRFISY,3,PBMC,A*01:01,GDTDSRFISY,10,,54.2,,1.21,0.2,0.91987037065676,,9.0,5.0,False,0.0,0.0,,0.0,0.0,GDTDSRFIPY
19,A*01:01_GTDPLFMFA,2,PBMC,A*01:01,GTDPLFMFA,9,,218.6,,0.28,0.444444444444444,1.09102833915548,0.0,6.0,11.0,False,0.0,0.0,,0.0,0.0,GTDPLSMFA
20,A*01:01_IAADGEFLY,2,PBMC,A*01:01,IAADGEFLY,9,23878.0,100.9,28.051925,4.21,0.333333333333333,0.0237247607000593,,9.0,10.0,False,0.0,0.0,,0.0,0.0,IAADGEFLH
21,A*01:01_IFSSPTHSLY,2,PBMC,A*01:01,IFSSPTHSLY,10,216.0,97.0,51.141934,1.34,0.3,1.18998331255386,,2.0,8.0,False,0.0,0.0,,0.0,0.0,ISSSPTHSLY
22,A*01:01_ILDTAGHEEY,2,PBMC,A*01:01,ILDTAGHEEY,10,,131.8,55.8579,1.8,0.2,0.939635593121404,2.04919331109317e-13,7.0,12.0,True,1.0,0.028,,0.0,0.0,ILDTAGQEEY
23,A*01:01_ISEYVSVRFY,3,PBMC,A*01:01,ISEYVSVRFY,10,,49.0,22.963236,1.59,0.4,0.00912734000289196,0.0,2.0,9.0,False,0.0,0.0,,0.0,0.0,IPEYVSVRFY
24,A*01:01_ISVATFLPY,2,PBMC,A*01:01,ISVATFLPY,9,518.0,295.0,9.402694,1.97,0.444444444444444,1.6517330244575,0.0,1.0,11.0,False,0.0,0.0,,0.0,0.0,LSVATFLPY
25,A*01:01_KSDSVTSDCGY,2,PBMC,A*01:01,KSDSVTSDCGY,11,,248.5,6.374342,1.85,0.181818181818182,0.569826262797489,0.0,9.0,7.0,False,0.0,0.0,,0.0,0.0,KSDSVTSDRGY
26,A*01:01_LLDEPSAHLY,2,PBMC,A*01:01,LLDEPSAHLY,10,11.0,25.0,12.87972,2.98,0.3,0.00543788615008139,0.000117897998786109,10.0,5.0,False,0.0,0.0,,0.0,0.0,LLDEPSAHLD
27,A*01:01_LSDGPSMGRY,3,PBMC,A*01:01,LSDGPSMGRY,10,6.0,15.6,73.9485217,2.41,0.2,1.39841328693319,0.0,4.0,10.0,True,1.0,0.92,,1.0,0.016,LSDSPSMGRY
28,A*01:01_LSGSDNVLY,2,PBMC,A*01:01,LSGSDNVLY,9,,130.5,72.53415,0.93,0.333333333333333,0.365305745018379,5.89524745824429e-05,8.0,16.0,False,0.0,0.0,,0.0,0.0,LSGSDNVPY
29,A*01:01_LTEQYNEKY,2,PBMC,A*01:01,LTEQYNEKY,9,7.0,20.4,,2.03,0.111111111111111,,0.00011789799899098,8.0,1.0,False,0.0,0.0,,0.0,0.0,LTEQYNEQY
30,A*01:01_LTQGYIYFY,2,PBMC,A*01:01,LTQGYIYFY,9,26.0,52.0,24.6341941,2.8,0.333333333333333,0.0125525214702404,0.0,9.0,13.0,False,0.0,0.0,,0.0,0.0,LTQGYIYFH
31,A*01:01_LTVDYATFY,3,PBMC,A*01:01,LTVDYATFY,9,138.0,41.9,2.2941761,4.95,0.333333333333333,0.646420479802599,0.0,1.0,7.0,False,0.0,0.0,,0.0,0.0,STVDYATFY
32,A*01:01_LVDIVLNFY,2,PBMC,A*01:01,LVDIVLNFY,9,0.0,19.3,,4.68,0.666666666666667,0.01270435226882,0.0,9.0,10.0,False,0.0,0.0,,0.0,0.0,LVDIVLNFH
33,A*01:01_MIDNETLLVEY,3,PBMC,A*01:01,MIDNETLLVEY,11,,24.6,18.9389234,3.27,0.454545454545455,0.609174021267956,0.0,8.0,9.0,False,0.0,0.0,,0.0,0.0,MIDNETLPVEY
34,A*01:01_MLDIIKAIY,3,PBMC,A*01:01,MLDIIKAIY,9,360.0,78.0,9.94790528666667,1.54,0.555555555555556,1.55386771121939,0.000118350572011638,5.0,5.0,False,0.0,0.0,,0.0,0.0,MLDIMKAIY
35,A*01:01_PSAEVEMTFY,3,PBMC,A*01:01,PSAEVEMTFY,10,187.0,290.9,366.314028,0.88,0.3,0.304115851300468,0.0,9.0,6.0,False,0.0,0.0,,0.0,0.0,PSAEVEMTSY
36,A*01:01_QLDVSRLWY,2,PBMC,A*01:01,QLDVSRLWY,9,5.0,95.5,43.401947,0.97,0.444444444444444,,0.0,4.0,4.0,False,0.0,0.0,,0.0,0.0,
37,A*01:01_RCVDWLIAVY,2,PBMC,A*01:01,RCVDWLIAVY,10,9280.0,261.0,159.96769,2.28,0.6,1.23095196562096,2.04919331109317e-13,6.0,6.0,False,0.0,0.0,,0.0,0.0,RCVDWSIAVY
38,A*01:01_RSAQKMFTY,3,PBMC,A*01:01,RSAQKMFTY,9,,512.3,9.7000599,1.29,0.222222222222222,1.34278991966391,0.0,5.0,5.0,False,0.0,0.0,,0.0,0.0,RSAQEMFTY
39,A*01:01_SSDCSAWY,2,PBMC,A*01:01,SSDCSAWY,8,55.0,274.7,40.966445,2.48,0.25,0.597440956595119,0.0,4.0,6.0,False,0.0,0.0,,0.0,0.0,SSDRSAWY
40,A*01:01_SSDCSAWYM,2,PBMC,A*01:01,SSDCSAWYM,9,173.0,156.9,40.966445,2.48,0.333333333333333,0.799213618453842,0.999999999973312,4.0,13.0,False,0.0,0.0,,0.0,0.0,SSDRSAWYM
41,A*01:01_TTDNYIAQGKRKSY,3,PBMC,A*01:01,TTDNYIAQGKRKSY,14,,31.7,,0.19,0.0714285714285714,0.00138296294357337,0.999941047525418,14.0,1.0,False,0.0,0.0,,0.0,0.0,TTDNYIAQGKRKSN
42,A*01:01_VSCRSVWEY,3,PBMC,A*01:01,VSCRSVWEY,9,,583.3,51.9938182,2.99,0.444444444444444,0.036103302333711,2.66881892112655e-11,2.0,12.0,False,0.0,0.038,,0.0,0.0,VPCRSVWEY
43,A*01:01_VSEGGCFCY,2,PBMC,A*01:01,VSEGGCFCY,9,55.0,81.9,,1.7,0.444444444444444,0.555240256842658,4.52679959335127e-07,7.0,4.0,False,0.0,0.0,,0.0,0.0,VSEGGCSCY
44,A*01:01_WSDIMFEHFY,3,PBMC,A*01:01,WSDIMFEHFY,10,,4.0,,1.19,0.5,0.0649348422534647,1.20812138761297e-17,10.0,3.0,False,0.0,0.0,,0.0,0.0,WSDIMFEHFF
45,A*01:01_WSFPYEFLY,3,PBMC,A*01:01,WSFPYEFLY,9,,32.3,7.4435274,0.58,0.444444444444444,0.288734529958596,0.0,8.0,13.0,False,0.0,0.0,,0.0,0.0,WSFPYEFSY
46,A*01:01_WVDPEDLYKGY,3,PBMC,A*01:01,WVDPEDLYKGY,11,,43.1,27.9260488419,1.12,0.272727272727273,0.140203360996451,0.0,7.0,6.0,False,0.0,0.0,,0.0,0.0,WVDPEDPYKGY
47,A*01:01_YTAEKKSLSE,2,PBMC,A*01:01,YTAEKKSLSE,10,,17738.7,,0.13,0.1,,,8.0,3.0,False,0.0,0.0,,0.0,0.0,YTAEKKSPSE
48,A*01:01_YTDKSEHATY,3,PBMC,A*01:01,YTDKSEHATY,10,,6.6,,4.21,0.0,1.22462941922382,3.47580562316133e-09,4.0,4.0,False,0.0,0.0,,0.0,0.0,YTDESEHATY
49,A*02:01_ALDHMFMYFL,1,PBMC,A*02:01,ALDHMFMYFL,10,10.0,32.4,50.383842,5.06,0.6,0.586219547634214,6.147579933277e-13,3.0,9.0,True,0.0,0.006,1.0,,,ALGHMFMYFL
50,A*02:01_ALDKNLHQL,2,PBMC,A*02:01,ALDKNLHQL,9,20.0,37.6,2.938283,4.64,0.333333333333333,5.25985338687417,4.52679959335127e-07,4.0,8.0,False,0.0,0.0,,0.0,0.0,ALDENLHQL
51,A*02:01_ALFELRNISV,12,TIL,A*02:01,ALFELRNISV,10,0.31,11.9,,3.53,0.5,0.90583372625164,0.0,6.0,5.0,False,0.0,0.0,,,,ALFELHNISV
52,A*02:01_ALGVYGGPYV,1,PBMC,A*02:01,ALGVYGGPYV,10,53.0,99.9,,1.87,0.3,0.00447492429807744,0.0,10.0,1.0,False,0.0,0.0,,,,ALGVYGGPYG
53,A*02:01_ALHEEVVCV,12,TIL,A*02:01,ALHEEVVCV,9,25.0,21.2,17.08233,10.6,0.555555555555556,1.88874278944612,0.0,8.0,8.0,False,0.0,0.0,,,,ALHEEVVGV
54,A*02:01_ALKEIIPQCI,1,PBMC,A*02:01,ALKEIIPQCI,10,1207.0,319.3,69.68075,1.7,0.5,0.145213051554555,,4.0,9.0,False,0.0,0.0,,,,ALKKIIPQCI
55,A*02:01_ALPPTVYEV,2,PBMC,A*02:01,ALPPTVYEV,9,7.0,6.8,83.895846,11.82,0.333333333333333,0.162908108595133,0.00761977109418369,9.0,15.0,True,1.0,0.042,,1.0,0.012,ALPPTVYEA
56,A*02:01_ALSDGPIDAV,1,PBMC,A*02:01,ALSDGPIDAV,10,15.0,64.2,,2.63,0.3,,0.0,6.0,1.0,False,0.0,0.0,,,,ALSDGAIDAV
57,A*02:01_ALVNQQFLCV,12,TIL,A*02:01,ALVNQQFLCV,10,105.0,77.6,4.86674,5.89,0.6,5.83458646616541,0.0,3.0,7.0,False,0.0,0.0,,,,ALLNQQFLCV;ALMNQQFLCV
58,A*02:01_ALWEAFYRQNL,2,PBMC,A*02:01,ALWEAFYRQNL,11,,96.0,124.20169,2.42,0.363636363636364,0.0435184979498959,0.0,3.0,9.0,False,0.0,0.0,,0.0,0.0,ALREAFYRQNL
59,A*02:01_ALWPLAYGV,12,TIL,A*02:01,ALWPLAYGV,9,1.0,4.4,,10.81,0.444444444444444,1.0,0.0,4.0,2.0,False,0.0,0.0,,,,ALWSLAYGV
60,A*02:01_AVLGSFSYV,2,PBMC,A*02:01,AVLGSFSYV,9,2.0,10.8,48.279975,4.67,0.444444444444444,2.15541399731884,0.0,7.0,14.0,False,,,,0.0,0.0,AVLGSFPYV
61,A*02:01_AVPGGGMPI,16,TIL,A*02:01,AVPGGGMPI,9,2311.0,3334.3,,0.67,0.333333333333333,0.0436722203357706,0.00761977109418369,9.0,5.0,False,0.0,0.0,,,,AVPGGGMPN
62,A*02:01_AVYCACFVEL,1,PBMC,A*02:01,AVYCACFVEL,10,30.0,157.0,56.6548852,1.84,0.6,0.407754005866355,6.03103531162851e-05,6.0,8.0,False,0.0,0.0,,,,AVYCARFVEL
63,A*02:01_EMASVLFKA,1,PBMC,A*02:01,EMASVLFKA,9,469.0,98.0,19.070759,1.84,0.444444444444444,0.0536063362866715,0.0,2.0,13.0,False,0.0,0.003,,,,EVASVLFKA
64,A*02:01_FHLAELCIEV,2,PBMC,A*02:01,FHLAELCIEV,10,340.0,6.3,,12.97,0.6,0.402179119017891,,1.0,9.0,False,0.0,0.0,,0.0,0.0,LHLAELCIEV
65,A*02:01_FIAEQILATL,2,PBMC,A*02:01,FIAEQILATL,10,21.0,15.1,50.3691317289,3.77,0.5,0.145739225977678,0.0,1.0,11.0,False,0.0,0.0,,0.0,0.0,SIAEQILATL
66,A*02:01_FIWLATRRV,2,PBMC,A*02:01,FIWLATRRV,9,72.0,50.3,46.4983723173,2.51,0.555555555555556,0.14392929677111,0.0,1.0,9.0,False,,,,0.0,0.0,SIWLATRRV
67,A*02:01_FIYLFVTET,12,TIL,A*02:01,FIYLFVTET,9,48.0,81.2,0.319773,1.81,0.555555555555556,2.19632926985758,0.0,7.0,11.0,False,0.0,0.0,,,,FIYLFVPET
68,A*02:01_FLAFTGVAGYI,12,TIL,A*02:01,FLAFTGVAGYI,11,6.7,434.5,0.655221,2.4,0.454545454545455,0.327713532772136,1.5734275536184e-15,1.0,7.0,False,0.0,0.0,,,,VLAFTGVAGYI
69,A*02:01_FLCEILRSMSI,16,TIL,A*02:01,FLCEILRSMSI,11,79.0,72.0,,8.3,0.636363636363636,0.269865067466267,0.0,10.0,2.0,False,0.0,0.0,,,,FLCEILRSMCI
70,A*02:01_FLCNARVKV,16,TIL,A*02:01,FLCNARVKV,9,143.0,68.7,,5.31,0.555555555555556,0.0570955539551216,0.0,2.0,12.0,False,0.0,0.0,,,,FQCNARVKV
71,A*02:01_FLDEGFSGL,2,PBMC,A*02:01,FLDEGFSGL,9,4.0,3.1,1.75059,2.62,0.444444444444444,0.000621389729489413,0.5,2.0,5.0,False,0.0,0.0,,0.0,0.0,FPDEGFSGL
72,A*02:01_FLDEGFSGLV,2,PBMC,A*02:01,FLDEGFSGLV,10,0.0,6.9,,2.62,0.5,0.000807877389970612,0.5,2.0,2.0,False,0.0,0.0,,0.0,0.0,FPDEGFSGLV
73,A*02:01_FLDKFMEAV,2,PBMC,A*02:01,FLDKFMEAV,9,6.0,3.1,19.8557,15.84,0.555555555555556,1.65403538860113,0.0,4.0,12.0,False,0.0,0.0,,0.0,0.0,FLDEFMEAV
74,A*02:01_FLDPDLTNI,1,PBMC,A*02:01,FLDPDLTNI,9,5.0,4.2,8.3503516,5.09,0.444444444444444,0.148379070817609,0.0,1.0,5.0,True,0.0,0.035,1.0,,,SLDPDLTNI
75,A*02:01_FLFQEECWHL,2,PBMC,A*02:01,FLFQEECWHL,10,0.0,4.2,6.70939941,5.75,0.6,0.424927925419649,0.0,3.0,5.0,False,,,,0.0,0.0,FLSQEECWHL
76,A*02:01_FLGSLLILV,1,PBMC,A*02:01,FLGSLLILV,9,9.0,6.2,52.051897,8.45,0.777777777777778,0.463529084884215,0.999999996524196,1.0,15.0,True,0.0,0.0,1.0,,,SLGSLLILV
77,A*02:01_FLGSLLILVV,1,PBMC,A*02:01,FLGSLLILVV,10,209.0,24.8,52.051897,8.45,0.8,0.478571712860517,0.999999996524196,1.0,9.0,False,0.0,0.0,,,,SLGSLLILVV
78,A*02:01_FLLDETEVSV,2,PBMC,A*02:01,FLLDETEVSV,10,4.0,4.9,0.6532674,11.34,0.5,1.17418840588369,0.0,5.0,6.0,False,0.0,0.0,,0.0,0.0,FLLDGTEVSV
79,A*02:01_FLLWKATGV,2,PBMC,A*02:01,FLLWKATGV,9,4.0,3.7,27.5352742785,6.72,0.555555555555556,0.533999115195449,0.0,3.0,13.0,False,0.0,0.0,,0.0,0.0,FLSWKATGV
80,A*02:01_FLNCDIMLGV,1,PBMC,A*02:01,FLNCDIMLGV,10,11.0,6.2,,9.32,0.7,1.44186046511628,0.0,4.0,2.0,True,0.0,0.0,1.0,,,FLNYDIMLGV
81,A*02:01_FLNDASACV,2,PBMC,A*02:01,FLNDASACV,9,8.0,4.0,2.086575,17.08,0.444444444444444,0.515885795900078,0.0,6.0,8.0,False,0.0,0.0,,0.0,0.0,FLNDAGACV
82,A*02:01_FLNDSEQV,16,TIL,A*02:01,FLNDSEQV,8,560.0,172.0,,7.59,0.375,,0.0,,1.0,False,0.0,0.0,,,,
83,A*02:01_FLNSFQEL,12,TIL,A*02:01,FLNSFQEL,8,131.0,174.9,1.103979,7.41,0.5,1.01087852376587,0.0,6.0,3.0,False,0.0,0.0,,,,FLNSFEEL
84,A*02:01_FLPKQGQIFCL,2,PBMC,A*02:01,FLPKQGQIFCL,11,43.0,130.0,20.0406084,2.67,0.545454545454545,0.0218950276923755,0.0,11.0,7.0,False,0.0,0.0,,0.0,0.0,FLPKQGQIFCS
85,A*02:01_FLREYLYVYKI,16,TIL,A*02:01,FLREYLYVYKI,11,1021.0,497.6,8.854365,3.47,0.454545454545455,0.112215240797338,0.0,11.0,10.0,False,0.0,0.0,,,,FLREYLYVYKN;FLREYLYVYKV
86,A*02:01_FLRHMCHFTEV,1,PBMC,A*02:01,FLRHMCHFTEV,11,337.0,10.0,23.3657059,3.01,0.545454545454545,0.709219858156028,0.0369719832731605,9.0,2.0,False,0.0,0.0,,,,FLRHMCHFIEV
87,A*02:01_FLSEFAGTQL,2,PBMC,A*02:01,FLSEFAGTQL,10,,13.7,13.79213,3.26,0.4,0.483055774251752,0.0,3.0,12.0,False,0.0,0.0,,0.0,0.0,FLPEFAGTQL
88,A*02:01_FLSELEASV,2,PBMC,A*02:01,FLSELEASV,9,4.0,3.0,165.78024,8.05,0.444444444444444,0.27820619781744,0.0,1.0,15.0,False,0.0,0.0,,0.0,0.0,SLSELEASV
89,A*02:01_FLTKLVHLV,16,TIL,A*02:01,FLTKLVHLV,9,2.3,4.5,,27.71,0.666666666666667,0.00301184659661335,0.0,9.0,1.0,False,0.0,0.0,,,,FLTKLVHLG
90,A*02:01_FLVESQLHL,16,TIL,A*02:01,FLVESQLHL,9,1.8,5.1,,4.82,0.555555555555556,0.927272727272727,0.999941047525419,8.0,3.0,False,0.0,0.0,,,,FLVESQLQL
91,A*02:01_FLWGSRAHA,2,PBMC,A*02:01,FLWGSRAHA,9,,26.7,,3.04,0.333333333333333,0.504886355198257,0.0,5.0,11.0,False,0.0,0.0,,0.0,0.0,FLWGPRAHA
92,A*02:01_FLWGSRAHAEI,2,PBMC,A*02:01,FLWGSRAHAEI,11,,90.7,,5.01,0.363636363636364,0.903564509603666,0.0,5.0,8.0,False,0.0,0.0,,0.0,0.0,FLWGPRAHAEI
93,A*02:01_FLYELEEKMEV,2,PBMC,A*02:01,FLYELEEKMEV,11,6.0,10.5,28.051925,12.3,0.454545454545455,0.310275453138352,0.999941047552103,3.0,12.0,False,0.0,0.0,,0.0,0.0,FLHELEEKMEV
94,A*02:01_FMATYEINV,16,TIL,A*02:01,FMATYEINV,9,9.0,3.1,,4.19,0.444444444444444,0.000361958668530382,0.0,3.0,4.0,False,0.0,0.0,,,,
95,A*02:01_FMENIMEM,1,PBMC,A*02:01,FMENIMEM,8,9259.0,46.7,92.293977,0.96,0.625,0.0681906943080936,0.0,1.0,6.0,False,0.0,0.0,,,,SMENIMEM
96,A*02:01_FMKDGLTGA,12,TIL,A*02:01,FMKDGLTGA,9,4.0,28.4,1.229539,2.13,0.333333333333333,3.26436781609195,0.0,3.0,6.0,False,0.0,0.0,,,,FMTDGLTGA
97,A*02:01_FNVLFDRLSKL,12,TIL,A*02:01,FNVLFDRLSKL,11,169.0,99.6,5.770895,4.02,0.545454545454545,3.02719929778049,0.00017683657384008,7.0,6.0,False,0.0,0.0,,,,FNVLFDGLSKL
98,A*02:01_FQLPILQPA,2,PBMC,A*02:01,FQLPILQPA,9,,19.9,,5.07,0.444444444444444,0.688693049018382,0.0,5.0,10.0,False,0.0,0.0,,0.0,0.0,FQLPTLQPA
99,A*02:01_FQLRTADWHL,16,TIL,A*02:01,FQLRTADWHL,10,76.0,54.2,4.3956955,1.56,0.4,0.481628914384718,0.0,9.0,10.0,False,0.0,0.0,,,,FQLRTADWRL
100,A*02:01_FSDYVQCFL,12,TIL,A*02:01,FSDYVQCFL,9,276.0,312.5,,0.72,0.555555555555556,0.142501092703504,0.00761977112046671,8.0,7.0,False,0.0,0.0,,,,FSDYVQCVL
101,A*02:01_FVANLFNTYL,1,PBMC,A*02:01,FVANLFNTYL,10,15.0,58.9,,1.77,0.5,0.0155051087474161,0.0,10.0,6.0,False,0.0,0.0,0.0,,,FVANLFNTYP
102,A*02:01_FVLASLCLYV,1,PBMC,A*02:01,FVLASLCLYV,10,72.0,6.0,19.1521200004,9.06,0.7,0.980275246718927,0.992380228905816,5.0,10.0,False,0.0,0.0,0.0,,,FVLAPLCLYV
103,A*02:01_FVLASLCLYVV,1,PBMC,A*02:01,FVLASLCLYVV,11,572.0,82.7,19.1521200004,9.06,0.727272727272727,1.05019727447262,0.999941047525622,5.0,5.0,False,0.0,0.0,,,,FVLAPLCLYVV
104,A*02:01_FVLEHEDGL,1,PBMC,A*02:01,FVLEHEDGL,9,411.0,173.9,109.474976822,0.78,0.444444444444444,0.690443160639991,0.0,4.0,11.0,False,0.0,0.0,0.0,,,FVLDHEDGL
105,A*02:01_FYLGSAYHAA,1,PBMC,A*02:01,FYLGSAYHAA,10,33336.0,346.0,,3.36,0.2,0.254259180041622,,1.0,5.0,False,0.0,0.0,,,,LYLGSAYHAA
106,A*02:01_GLFEDTNLFA,1,PBMC,A*02:01,GLFEDTNLFA,10,6.0,47.1,,2.09,0.4,,0.0,9.0,1.0,False,0.0,0.0,,,,GLFEDTNLCA
107,A*02:01_GLFRVTPEIPV,2,PBMC,A*02:01,GLFRVTPEIPV,11,,138.4,3.07393,6.79,0.454545454545455,0.112778520405726,0.999999999999998,11.0,6.0,False,0.0,0.0,,0.0,0.0,GLFRVTPEIPA
108,A*02:01_GLKDLLNPI,16,TIL,A*02:01,GLKDLLNPI,9,39.0,59.6,19.44205,2.89,0.444444444444444,1.0487496271626,0.0,3.0,11.0,False,0.0,0.0,,,,GLEDLLNPI
109,A*02:01_GLSEKCSLV,1,PBMC,A*02:01,GLSEKCSLV,9,67.0,76.0,,6.44,0.444444444444444,0.293814322961856,0.0,4.0,10.0,False,0.0,0.0,,,,GLSGKCSLV
110,A*02:01_GLSKYRPAI,16,TIL,A*02:01,GLSKYRPAI,9,875.0,564.6,12.973527,1.79,0.222222222222222,0.103982743213313,0.0,9.0,7.0,False,0.0,0.0,,,,GLSKYRPAS
111,A*02:01_GLTFKDVTV,16,TIL,A*02:01,GLTFKDVTV,9,1035.0,395.0,1.120794,1.43,0.444444444444444,0.971088058429085,0.992380228905816,8.0,8.0,False,0.0,0.0,,,,GLTFKDVAV
112,A*02:01_GLYGNLIVL,2,PBMC,A*02:01,GLYGNLIVL,9,,31.4,10.594267,3.15,0.555555555555556,0.263456744555379,4.09838662218551e-13,3.0,12.0,True,0.0,0.0,,1.0,0.077,GLSGNLIVL
113,A*02:01_GMLPSNYV,16,TIL,A*02:01,GMLPSNYV,8,2915.0,578.3,4.929364,3.89,0.375,1.05126793609271,0.0,5.0,5.0,False,0.0,0.0,,,,GMLPANYV
114,A*02:01_GMLPSNYVEAI,16,TIL,A*02:01,GMLPSNYVEAI,11,3.5,493.0,4.929364,3.89,0.363636363636364,0.944083707623723,2.41624277522593e-17,5.0,7.0,False,0.0,0.0,,,,GMLPANYVEAI
115,A*02:01_GMLTNIWTV,1,PBMC,A*02:01,GMLTNIWTV,9,2.0,2.6,,14.72,0.555555555555556,,0.992380228906018,1.0,1.0,False,0.0,0.0,,,,RMLTNIWTV
116,A*02:01_GQEGKYDLLV,1,PBMC,A*02:01,GQEGKYDLLV,10,1033.0,7438.8,73.71446,0.23,0.3,,,4.0,3.0,False,0.0,0.0,,,,GQEVKYDLLV
117,A*02:01_GQFGKVWMA,2,PBMC,A*02:01,GQFGKVWMA,9,8.0,9.8,36.140359,1.26,0.444444444444444,0.725925925925926,0.00767782863523667,5.0,5.0,False,,,,0.0,0.0,GQFGEVWMA
118,A*02:01_HLIGGIQVL,2,PBMC,A*02:01,HLIGGIQVL,9,171.0,64.8,8.1339857,1.33,0.555555555555556,0.0072357755215591,0.0,2.0,14.0,False,0.0,0.0,,0.0,0.0,HSIGGIQVL
119,A*02:01_HLMNIAIIA,16,TIL,A*02:01,HLMNIAIIA,9,511.0,86.7,3.32642,3.37,0.555555555555556,3.41369986228255,0.0,4.0,8.0,False,0.0,0.0,,,,HLMDIAIIA
120,A*02:01_IFLSELEASV,2,PBMC,A*02:01,IFLSELEASV,10,,18.3,165.78024,8.05,0.5,0.43448285167147,,2.0,9.0,False,0.0,0.0,,0.0,0.0,ISLSELEASV
121,A*02:01_ILPFFYLGSA,1,PBMC,A*02:01,ILPFFYLGSA,10,19.0,188.3,75.56716,1.2,0.5,0.724640618748496,4.52706647500176e-07,5.0,8.0,False,0.0,0.0,,,,ILPFLYLGSA
122,A*02:01_ILPGVFSKL,2,PBMC,A*02:01,ILPGVFSKL,9,,74.3,29.5001,1.57,0.555555555555556,0.00545184909457082,0.0,2.0,12.0,False,0.0,0.0,,0.0,0.0,IPPGVFSKL
123,A*02:01_ILYHGNLVV,2,PBMC,A*02:01,ILYHGNLVV,9,13.0,13.3,,6.74,0.555555555555556,1.58925866879235,0.0,7.0,7.0,False,0.0,0.0,,0.0,0.0,ILYHGNPVV
124,A*02:01_IMGQQPAPQV,16,TIL,A*02:01,IMGQQPAPQV,10,531.0,792.7,28.406222,1.94,0.3,0.427097220412763,0.0,1.0,8.0,False,0.0,0.0,,,,NMGQQPAPQV
125,A*02:01_IVYPTPTPI,2,PBMC,A*02:01,IVYPTPTPI,9,,309.5,4.8243,1.53,0.333333333333333,0.119249122173271,2.04919331109317e-13,3.0,8.0,False,0.0,0.0,,0.0,0.0,IVHPTPTPI
126,A*02:01_KAWENFPNV,1,PBMC,A*02:01,KAWENFPNV,9,14.0,34.7,110.061594881,2.42,0.333333333333333,0.443930004887784,0.00767782860895672,6.0,17.0,True,0.0,0.0,1.0,,,KAWENSPNV
127,A*02:01_KIFLCNARV,16,TIL,A*02:01,KIFLCNARV,9,156.0,61.4,,3.69,0.555555555555556,0.871566999106697,0.0,4.0,11.0,False,0.0,0.0,,,,KIFQCNARV
128,A*02:01_KLADFGLAC,2,PBMC,A*02:01,KLADFGLAC,9,55.0,279.0,1.58359150105,2.18,0.444444444444444,0.0783563447379114,4.52679959335127e-07,9.0,9.0,False,0.0,0.005,,0.0,0.0,KLADFGLAI;KLADFGLAK;KLADFGLAR
129,A*02:01_KLADFGLACA,2,PBMC,A*02:01,KLADFGLACA,10,,38.4,1.58359150105,6.18,0.4,0.875918334166426,4.52679959335127e-07,9.0,9.0,False,0.0,0.0,,0.0,0.0,KLADFGLARA
130,A*02:01_KLHVSVEAFV,12,TIL,A*02:01,KLHVSVEAFV,10,52.0,49.5,10.794069,5.86,0.5,0.458358686080519,0.0,9.0,9.0,False,0.0,0.0,,,,KLHVSVEALV
131,A*02:01_KLINSQINL,1,PBMC,A*02:01,KLINSQINL,9,29.0,54.9,38.353932,2.19,0.444444444444444,,0.0,8.0,2.0,False,0.0,0.0,,,,KLINSQISL
132,A*02:01_KLKEHLGFAV,2,PBMC,A*02:01,KLKEHLGFAV,10,,28.0,22.7244660467,3.52,0.4,0.156371196684089,0.0,8.0,11.0,False,0.0,0.0,,0.0,0.0,KLKEHLGSAV
133,A*02:01_KLLEGQPVLL,2,PBMC,A*02:01,KLLEGQPVLL,10,,28.7,6.4027145,5.8,0.5,,4.52679959335127e-07,1.0,2.0,False,0.0,0.0,,0.0,0.0,ELLEGQPVLL
134,A*02:01_KLLNCPCPA,2,PBMC,A*02:01,KLLNCPCPA,9,107.0,37.8,73.930981,5.27,0.444444444444444,0.323895455696035,0.999999547346727,5.0,14.0,False,0.0,0.0011,,0.0,0.0,KLLNRPCPA
135,A*02:01_KLLSEFFSC,1,PBMC,A*02:01,KLLSEFFSC,9,1448.0,104.3,33.176444,2.07,0.555555555555556,0.207606881567344,0.0,7.0,9.0,False,0.0,0.0,,,,KLLSEFSSC
136,A*02:01_KLLSEFFSCL,1,PBMC,A*02:01,KLLSEFFSCL,10,7.0,24.8,33.176444,7.87,0.6,0.579988346066053,0.0,7.0,9.0,False,0.0,0.003,0.0,,,KLLSEFSSCL
137,A*02:01_KLLSFHSV,16,TIL,A*02:01,KLLSFHSV,8,372.0,160.0,1.28079,20.01,0.5,0.339337413375016,0.0,8.0,7.0,True,1.0,0.01,,,,KLLSFHSL
138,A*02:01_KLLSFHSVFT,16,TIL,A*02:01,KLLSFHSVFT,10,40.0,115.1,1.28079,20.01,0.5,1.15107128983864,0.0,8.0,9.0,False,0.0,0.0,,,,KLLSFHSLFT
139,A*02:01_KLNPSQNVV,12,TIL,A*02:01,KLNPSQNVV,9,73.0,183.9,20.52874,3.0,0.333333333333333,0.0853019391356759,0.0,9.0,12.0,False,0.0,0.0,,,,KLNPSQNVA
140,A*02:01_KLPYSYNLCV,16,TIL,A*02:01,KLPYSYNLCV,10,10.0,17.0,,3.38,0.4,0.534836540098766,4.52679959335127e-07,1.0,10.0,False,0.0,0.0,,,,TLPYSYNLCV
141,A*02:01_KLSFLVMII,2,PBMC,A*02:01,KLSFLVMII,9,,41.4,63.179247,3.25,0.777777777777778,0.464978363801925,0.0,3.0,13.0,False,0.0,0.0,,0.0,0.0,KLPFLVMII
142,A*02:01_KLVVVGAAGV,16,TIL,A*02:01,KLVVVGAAGV,10,391.0,205.6,0.717587,2.97,0.5,0.484919263984231,0.00761977109418369,8.0,9.0,False,0.0,0.0,,,,KLVVVGAGGV
143,A*02:01_KLYESFYGP,12,TIL,A*02:01,KLYESFYGP,9,473.0,259.0,0.661816,0.74,0.222222222222222,0.226044163530848,,3.0,9.0,False,0.0,0.0,,,,KLDESFYGP
144,A*02:01_KMGKTIYKYV,1,PBMC,A*02:01,KMGKTIYKYV,10,510.0,35.2,127.1952548,3.15,0.3,0.337340505835197,0.0,7.0,13.0,False,0.0,0.0,,,,KMGKTIHKYV
145,A*02:01_KMLDGLESL,2,PBMC,A*02:01,KMLDGLESL,9,8.0,5.0,,5.13,0.444444444444444,,0.0,1.0,2.0,False,,,,0.0,0.0,EMLDGLESL
146,A*02:01_KTIQTIVFL,2,PBMC,A*02:01,KTIQTIVFL,9,7.0,252.7,,1.88,0.555555555555556,0.00847078811430579,0.0,1.0,1.0,False,0.0,0.0,,0.0,0.0,
147,A*02:01_KTIYKYVHL,1,PBMC,A*02:01,KTIYKYVHL,9,790.0,3653.9,127.1952548,0.61,0.333333333333333,1.52112734690479,2.04919331109317e-13,4.0,4.0,False,0.0,0.0,,,,KTIHKYVHL
148,A*02:01_KTLGIKLSFL,2,PBMC,A*02:01,KTLGIKLSFL,10,,490.5,63.179247,0.82,0.5,2.23474164795137,0.0,8.0,7.0,False,0.0,0.0011,,0.0,0.0,KTLGIKLPFL
149,A*02:01_KTLMEVMSKI,2,PBMC,A*02:01,KTLMEVMSKI,10,,42.8,87.8807668,10.42,0.5,3.29567055060372,,8.0,6.0,False,0.0,0.0,,0.0,0.0,KTLMEVMPKI
150,A*02:01_KVWAVTEEV,2,PBMC,A*02:01,KVWAVTEEV,9,,16.8,6.374342,7.91,0.444444444444444,0.973421926910299,0.0,5.0,4.0,False,0.0,0.0,,0.0,0.0,KVWAGTEEV
151,A*02:01_LALPPTVYEV,2,PBMC,A*02:01,LALPPTVYEV,10,,41.2,83.895846,11.82,0.4,0.117791116097321,0.999999547320041,10.0,9.0,False,0.0,0.0,,0.0,0.0,LALPPTVYEA
152,A*02:01_LIIENRYAV,16,TIL,A*02:01,LIIENRYAV,9,55.0,36.5,0.848997,4.74,0.444444444444444,0.0775373035126648,0.0,7.0,10.0,False,0.0,0.0,,,,LIIENRDAV
153,A*02:01_LLAAGLGRA,12,TIL,A*02:01,LLAAGLGRA,9,52.0,278.0,0.1648784,1.74,0.333333333333333,0.0108037764571705,0.0,2.0,8.0,False,0.0,0.0,,,,LRAAGLGRA
154,A*02:01_LLAARQLL,16,TIL,A*02:01,LLAARQLL,8,8151.0,6925.1,,1.83,0.5,0.0411728143368326,,2.0,5.0,False,0.0,0.0,,,,LQAARQLL;LRAARQLL
155,A*02:01_LLAELPASVHV,2,PBMC,A*02:01,LLAELPASVHV,11,,100.6,39.493158,5.51,0.454545454545455,0.0914177296724394,,11.0,10.0,False,0.0,0.0,,0.0,0.0,LLAELPASVHA
156,A*02:01_LLAKQLYRV,16,TIL,A*02:01,LLAKQLYRV,9,14.0,6.8,0.527042684,22.88,0.444444444444444,1.01341281669151,0.0,5.0,7.0,False,0.0,0.0,,,,LLAKELYRV
157,A*02:01_LLAPLIATL,1,PBMC,A*02:01,LLAPLIATL,9,2.0,7.8,27.58363,7.34,0.555555555555556,0.0207144079537522,0.666666666666667,9.0,13.0,False,0.0,0.0,0.0,,,LLAPLIATP
158,A*02:01_LLDNGTLTI,2,PBMC,A*02:01,LLDNGTLTI,9,,30.3,11.4767,3.96,0.444444444444444,2.62626280215307,0.0,9.0,11.0,False,0.0,0.0,,0.0,0.0,LLDNGTLTV
159,A*02:01_LLFGPSCAL,16,TIL,A*02:01,LLFGPSCAL,9,21.0,40.0,1.457947,2.43,0.555555555555556,0.710213058927238,5.89524745824429e-05,7.0,14.0,False,0.0,0.0,,,,LLFGPSSAL
160,A*02:01_LLFTDQHGL,2,PBMC,A*02:01,LLFTDQHGL,9,,19.9,1.14028114924,2.04,0.444444444444444,0.00158503792543376,0.0,2.0,7.0,False,0.0,0.0,,0.0,0.0,LPFTDQHGL
161,A*02:01_LLFTDQHGLV,2,PBMC,A*02:01,LLFTDQHGLV,10,,47.1,1.14028114924,2.04,0.5,0.00541164814217006,0.0,2.0,4.0,False,0.0,0.0,,0.0,0.0,LPFTDQHGLV
162,A*02:01_LLFYGAVIEV,2,PBMC,A*02:01,LLFYGAVIEV,10,,13.1,2.657719,11.34,0.6,0.573862951046485,0.0,3.0,8.0,False,0.0,0.0,,0.0,0.0,LLSYGAVIEV
163,A*02:01_LLHSGVIGA,2,PBMC,A*02:01,LLHSGVIGA,9,,101.8,92.4862,2.07,0.444444444444444,1.19841136373025,4.52679959335127e-07,7.0,13.0,False,0.0,0.0,,0.0,0.0,LLHSGVMGA
164,A*02:01_LLHSGVIGAV,2,PBMC,A*02:01,LLHSGVIGAV,10,,72.5,92.4862,3.45,0.5,1.05655504477174,4.52679959335127e-07,7.0,11.0,False,0.0,0.0,,0.0,0.0,LLHSGVMGAV
165,A*02:01_LLKAGWQNLV,12,TIL,A*02:01,LLKAGWQNLV,10,141.0,162.8,6.655615,1.31,0.5,1.04226905868059,,3.0,6.0,False,0.0,0.0,,,,LLEAGWQNLV
166,A*02:01_LLLLPLSVA,16,TIL,A*02:01,LLLLPLSVA,9,248.0,194.0,,3.25,0.666666666666667,0.718956255981546,,6.0,7.0,False,0.0,0.0,,,,LLLLPVSVA
167,A*02:01_LLLNGLGLA,12,TIL,A*02:01,LLLNGLGLA,9,2.7,46.4,2.155016,2.35,0.555555555555556,0.130577974100157,0.0151251766766306,2.0,6.0,False,0.0,0.0,,,,LVLNGLGLA
168,A*02:01_LLLPGNNWKV,2,PBMC,A*02:01,LLLPGNNWKV,10,22.0,20.1,,6.46,0.5,0.0900330191384633,3.50249381218707e-09,8.0,11.0,False,0.0,0.0,,0.0,0.0,LLLPGNNRKV
169,A*02:01_LLLPLSVARPL,16,TIL,A*02:01,LLLPLSVARPL,11,173.0,207.8,38.966169,2.36,0.545454545454545,1.04897627109845,,5.0,8.0,False,0.0,0.0,,,,LLLPVSVARPL
170,A*02:01_LLLSSLGYL,2,PBMC,A*02:01,LLLSSLGYL,9,14.0,14.1,34.257324,2.84,0.555555555555556,0.907242932404066,0.0,5.0,16.0,False,0.0,0.0,,0.0,0.0,LLLSNLGYL
171,A*02:01_LLNDASFISV,2,PBMC,A*02:01,LLNDASFISV,10,,14.8,35.853181,7.91,0.5,0.905308403180744,0.0,7.0,4.0,False,0.0,0.0,,0.0,0.0,LLNDASLISV
172,A*02:01_LLPGNNWKV,2,PBMC,A*02:01,LLPGNNWKV,9,94.0,13.2,,5.34,0.444444444444444,0.00978023602277769,2.66882012924793e-11,7.0,14.0,False,0.0,0.0,,0.0,0.0,LLPGNNRKV
173,A*02:01_LLQVCWLQSA,12,TIL,A*02:01,LLQVCWLQSA,10,262.0,279.1,12.703,1.89,0.6,0.316710483140153,0.0,9.0,7.0,False,0.0,0.0,,,,LLQVCWLQCA
174,A*02:01_LLRMNQSQFI,12,TIL,A*02:01,LLRMNQSQFI,10,1902.0,105.8,,3.0,0.5,0.00333033843558699,,2.0,7.0,False,0.0,0.0,,,,LPRMNQSQFI
175,A*02:01_LLSEFFSCL,1,PBMC,A*02:01,LLSEFFSCL,9,12.0,13.0,33.176444,7.87,0.666666666666667,0.98898948728073,0.0,6.0,9.0,False,0.0,0.0,0.0,,,LLSEFSSCL
176,A*02:01_LLSFHSVFT,16,TIL,A*02:01,LLSFHSVFT,9,413.0,221.3,1.28079,1.17,0.555555555555556,0.880205151010108,0.0,7.0,7.0,False,0.0,0.0,,,,LLSFHSLFT
177,A*02:01_LLSLWVPQV,2,PBMC,A*02:01,LLSLWVPQV,9,,8.0,,13.08,0.666666666666667,0.552816531726991,0.00761977109418369,6.0,11.0,False,0.0,0.0,,0.0,0.0,LLSLWAPQV
178,A*02:01_LLSNELHRL,12,TIL,A*02:01,LLSNELHRL,9,11.0,57.5,,4.39,0.444444444444444,,0.0,,,False,0.0,0.0,,,,
179,A*02:01_LLYDHPLKV,1,PBMC,A*02:01,LLYDHPLKV,9,10.0,3.9,,9.57,0.444444444444444,,0.999985261231357,5.0,1.0,False,0.0,0.0,,,,LLYDRPLKV
180,A*02:01_LMMHSATSA,1,PBMC,A*02:01,LMMHSATSA,9,40.0,66.1,201.23076,2.4,0.333333333333333,0.0111922163273726,0.0,1.0,11.0,False,0.0,0.0,0.0,,,PMMHSATSA
181,A*02:01_LMMHSATSAT,1,PBMC,A*02:01,LMMHSATSAT,10,1002.0,1170.6,201.23076,2.4,0.3,0.0559199055802928,,1.0,5.0,False,0.0,0.0,,,,PMMHSATSAT
182,A*02:01_LMMHSATSATV,1,PBMC,A*02:01,LMMHSATSATV,11,10.0,215.2,201.23076,11.33,0.363636363636364,0.112511642573041,0.0,1.0,7.0,False,0.0,0.0,,,,PMMHSATSATV
183,A*02:01_LQDSGLWFPV,1,PBMC,A*02:01,LQDSGLWFPV,10,34.0,23.1,4.0340368,3.15,0.5,0.00326407435161237,0.0,2.0,6.0,False,0.0,0.0,,,,LRDSGLWFPV
184,A*02:01_LQVCWLQSA,12,TIL,A*02:01,LQVCWLQSA,9,37.0,268.4,12.703,1.6,0.555555555555556,0.412928276639216,,8.0,8.0,False,0.0,0.0,,,,LQVCWLQCA
185,A*02:01_LVADVLSPV,12,TIL,A*02:01,LVADVLSPV,9,3.9,4.5,,17.4,0.555555555555556,0.55331950275925,0.0,4.0,11.0,False,0.0,0.0,,,,LVANVLSPV
186,A*02:01_LVAVFRWAV,2,PBMC,A*02:01,LVAVFRWAV,9,,81.9,87.075594,2.44,0.666666666666667,0.027600738265804,0.0,1.0,13.0,False,0.0,0.0,,0.0,0.0,PVAVFRWAV
187,A*02:01_MLFARHLREV,16,TIL,A*02:01,MLFARHLREV,10,3.2,15.6,15.071688,4.87,0.5,0.193231158478461,0.0,2.0,11.0,False,0.0,0.0,,,,MVFARHLREV
188,A*02:01_MLIILAGFL,16,TIL,A*02:01,MLIILAGFL,9,232.0,151.4,,0.52,0.777777777777778,0.570219213655794,0.0,1.0,7.0,False,0.0,0.0,,,,ILIILAGFL
189,A*02:01_MLNPLIYSLRNKV,2,PBMC,A*02:01,MLNPLIYSLRNKV,13,1135.0,47.1,,6.09,0.461538461538462,0.0276733254994125,0.0,13.0,1.0,False,,,,0.0,0.0,MLNPLIYSLRNKD;MLNPLIYSLRNKE
190,A*02:01_MLNTSVPNYM,12,TIL,A*02:01,MLNTSVPNYM,10,118.0,201.0,0.21988,0.93,0.4,0.137022667141667,0.0,9.0,11.0,False,0.0,0.0,,,,MLNTSVPNDM
191,A*02:01_MLPSNYVEA,16,TIL,A*02:01,MLPSNYVEA,9,36.0,129.6,4.929364,1.8,0.333333333333333,1.12941371665926,0.0,4.0,6.0,False,0.0,0.0,,,,MLPANYVEA
192,A*02:01_MLPSNYVEAI,16,TIL,A*02:01,MLPSNYVEAI,10,72.0,94.3,4.929364,3.57,0.4,1.70216606498195,2.41624277522593e-17,4.0,6.0,False,0.0,0.0,,,,MLPANYVEAI
193,A*02:01_MLVSTMPVV,2,PBMC,A*02:01,MLVSTMPVV,9,3.0,8.2,,8.06,0.666666666666667,0.000721837340117431,0.0,2.0,3.0,False,0.0,0.0,,0.0,0.0,MPVSTMPVV
194,A*02:01_NILGFTFDI,16,TIL,A*02:01,NILGFTFDI,9,14.0,55.5,0.0,1.41,0.555555555555556,0.130089086237154,0.996175543712172,3.0,7.0,False,0.0,0.0,,,,NIPGFTFDI
195,A*02:01_NLFLFIDKL,16,TIL,A*02:01,NLFLFIDKL,9,2216.0,101.4,,0.96,0.666666666666667,0.0715798390512495,0.0,2.0,2.0,False,0.0,0.0,,,,NVFLFIDKL
196,A*02:01_NLINEAMDV,16,TIL,A*02:01,NLINEAMDV,9,469.0,189.3,1.38417,1.37,0.444444444444444,0.0739694015057376,0.0,1.0,13.0,False,0.0,0.0,,,,DLINEAMDV
197,A*02:01_NSLLLLPLSV,16,TIL,A*02:01,NSLLLLPLSV,10,814.0,79.6,38.966169,2.14,0.6,0.865242122228134,0.0,8.0,8.0,False,0.0,0.0,,,,NSLLLLPVSV
198,A*02:01_QLFMATYEI,16,TIL,A*02:01,QLFMATYEI,9,772.0,12.5,,4.83,0.444444444444444,0.000613735510565751,0.0,5.0,4.0,False,0.0,0.0,,,,
199,A*02:01_QLLKFIPSL,2,PBMC,A*02:01,QLLKFIPSL,9,7.0,10.6,19.6883604,6.12,0.555555555555556,0.828594967572526,0.0,8.0,6.0,False,,,,0.0,0.0,QLLKFIPGL
200,A*02:01_QLSSVRCYV,16,TIL,A*02:01,QLSSVRCYV,9,126.0,49.9,2.407851,3.75,0.444444444444444,0.482209312274538,0.0,5.0,13.0,False,0.0,0.0,,,,QLSSGRCYV
201,A*02:01_QLVMVLVGGL,2,PBMC,A*02:01,QLVMVLVGGL,10,566.0,606.5,59.61459,0.55,0.7,0.0431311115198467,0.0151242984958687,2.0,6.0,False,0.0,0.0,,0.0,0.0,QPVMVLVGGL
202,A*02:01_RLCLYCGYPV,12,TIL,A*02:01,RLCLYCGYPV,10,0.23,28.4,,10.82,0.5,0.00468600468600469,0.0,10.0,2.0,False,0.0,0.0,,,,RLCLYCGYPG
203,A*02:01_RLDGFFKNAV,2,PBMC,A*02:01,RLDGFFKNAV,10,,57.8,100.019878,4.73,0.4,0.40605753362002,0.0,5.0,13.0,False,0.0,0.0,,0.0,0.0,RLDGSFKNAV
204,A*02:01_RLIGLMMTA,16,TIL,A*02:01,RLIGLMMTA,9,33.0,17.3,0.285446,8.33,0.555555555555556,0.15000288626348,0.0,2.0,5.0,False,0.0,0.0,,,,RVIGLMMTA
205,A*02:01_RLLRGYDQV,1,PBMC,A*02:01,RLLRGYDQV,9,689.0,41.5,,3.55,0.333333333333333,0.00681310743367481,0.0,9.0,1.0,False,0.0,0.007,,,,RLLRGYDQS;RLLRGYDQY;RLLRGYDQD
206,A*02:01_RLLRPIYDYL,16,TIL,A*02:01,RLLRPIYDYL,10,34.0,40.0,3.794759,2.29,0.4,0.0263316215766891,3.47580404973379e-09,2.0,15.0,False,0.0,0.0,,,,RRLRPIYDYL
207,A*02:01_RLLRPIYV,16,TIL,A*02:01,RLLRPIYV,8,10468.0,595.1,3.794759,8.53,0.5,0.0086527103932636,0.0,2.0,2.0,False,0.0,0.0,,,,RRLRPIYV
208,A*02:01_RLMDSAQVA,2,PBMC,A*02:01,RLMDSAQVA,9,54.0,92.4,16.717,18.01,0.333333333333333,0.00963975460086109,0.0,2.0,12.0,False,,,,0.0,0.0,RFMDSAQVA
209,A*02:01_RLMGINSTA,12,TIL,A*02:01,RLMGINSTA,9,22.0,63.0,12.1053,9.22,0.333333333333333,0.885499712894558,0.0,5.0,9.0,False,0.0,0.0,,,,RLMGVNSTA
210,A*02:01_RLMGINSTAA,12,TIL,A*02:01,RLMGINSTAA,10,114.0,211.7,12.1053,9.22,0.3,0.835236834841862,9.05359508832148e-07,5.0,5.0,False,0.0,0.0,,,,RLMGVNSTAA
211,A*02:01_RLPGLILYTL,12,TIL,A*02:01,RLPGLILYTL,10,32.0,67.1,23.96313,5.03,0.5,0.0465848669216928,3.47580404973379e-09,10.0,10.0,False,0.0,0.0,,,,RLPGLILYTF
212,A*02:01_RLSEVMARM,1,PBMC,A*02:01,RLSEVMARM,9,18.0,59.5,22.350494,3.27,0.444444444444444,0.529059218221617,0.0,5.0,10.0,False,0.0,0.0,0.0,,,RLSEAMARM
213,A*02:01_RLVLQLLEL,12,TIL,A*02:01,RLVLQLLEL,9,28.0,100.1,0.116524298041071,2.02,0.666666666666667,0.48852822991131,0.0,3.0,10.0,False,0.0,0.0,,,,RLGLQLLEL
214,A*02:01_RMGQTVIAV,16,TIL,A*02:01,RMGQTVIAV,9,14.0,41.5,7.960387,6.5,0.444444444444444,0.156691684793169,0.0,7.0,17.0,False,0.0,0.0,,,,RMGQTVRAV
215,A*02:01_RSFSEVFLV,2,PBMC,A*02:01,RSFSEVFLV,9,34.0,49.8,6.8626995,2.12,0.555555555555556,0.107073153839853,0.0,3.0,10.0,False,0.0,0.0,,0.0,0.0,RSSSEVFLV
216,A*02:01_RTADWHLYL,16,TIL,A*02:01,RTADWHLYL,9,,62.5,4.3956955,1.58,0.333333333333333,0.254761184846081,0.0,6.0,11.0,False,0.0,,,,,RTADWRLYL
217,A*02:01_RVYDALNLL,1,PBMC,A*02:01,RVYDALNLL,9,85.0,79.6,97.944239,1.89,0.444444444444444,0.29387170577092,0.0,8.0,12.0,True,0.0,0.0,1.0,,,RVYDALNVL
218,A*02:01_SEQMDVAFQV,1,PBMC,A*02:01,SEQMDVAFQV,10,6550.0,19.4,9.8452631,2.1,0.4,0.0148609118939414,,1.0,4.0,False,0.0,0.033,,,,PEQMDVAFQV
219,A*02:01_SLCKSILLFL,16,TIL,A*02:01,SLCKSILLFL,10,784.0,57.2,,2.98,0.7,0.304579546380851,0.0,6.0,3.0,False,0.0,0.0,,,,SLCKSKLLFL
220,A*02:01_SLCLYVVVGV,1,PBMC,A*02:01,SLCLYVVVGV,10,453.0,34.1,19.1521200004,5.95,0.7,0.0628165351313299,0.500014738553083,1.0,8.0,False,0.0,0.0,,,,PLCLYVVVGV
221,A*02:01_SLHDLTDGV,1,PBMC,A*02:01,SLHDLTDGV,9,13.0,21.4,13.5016746,2.36,0.333333333333333,0.350549660213137,0.0,4.0,12.0,False,0.0,0.0,,,,SLHGLTDGV
222,A*02:01_SLHPSAPFL,16,TIL,A*02:01,SLHPSAPFL,9,56.0,46.0,3.489844,1.88,0.333333333333333,3.60383594580056,0.999999547320041,3.0,14.0,False,0.0,0.0,,,,SLYPSAPFL
223,A*02:01_SLINSTVIV,2,PBMC,A*02:01,SLINSTVIV,9,,37.3,33.674309,5.68,0.555555555555556,0.582769182054795,0.0,5.0,15.0,False,0.0,0.0,,0.0,0.0,SLINPTVIV
224,A*02:01_SLLAARQLL,16,TIL,A*02:01,SLLAARQLL,9,176.0,200.5,,1.36,0.444444444444444,0.069063087039633,0.0,3.0,13.0,False,0.0,0.0,,,,SLRAARQLL
225,A*02:01_SLLLLPLSV,16,TIL,A*02:01,SLLLLPLSV,9,7.9,14.6,38.966169,2.14,0.666666666666667,1.1127464802229,0.0,7.0,15.0,False,0.0,0.0,,,,SLLLLPVSV
226,A*02:01_SLLLLPLSVA,16,TIL,A*02:01,SLLLLPLSVA,10,71.0,175.8,38.966169,2.14,0.6,0.762504561962312,0.0,7.0,9.0,False,0.0,0.0,,,,SLLLLPVSVA
227,A*02:01_SLSEARQDV,2,PBMC,A*02:01,SLSEARQDV,9,630.0,642.7,159.599022,1.04,0.222222222222222,0.0193494659612359,,2.0,8.0,False,0.0,0.0,,0.0,0.0,SPSEARQDV
228,A*02:01_SLSSDFNPL,16,TIL,A*02:01,SLSSDFNPL,9,49.0,36.2,,1.23,0.333333333333333,0.752205547853955,0.0,7.0,8.0,False,0.0,0.014,,,,SLSSDFDPL
229,A*02:01_SLSSDFNPLV,16,TIL,A*02:01,SLSSDFNPLV,10,51.0,17.5,,4.59,0.4,0.73897760279956,0.0,7.0,10.0,False,0.0,0.0,,,,SLSSDFDPLV
230,A*02:01_SLYELEKEFL,12,TIL,A*02:01,SLYELEKEFL,10,99.0,34.3,,1.48,0.4,0.0987522794893944,3.47580404973379e-09,2.0,4.0,False,0.0,0.0,,,,SIYELEKEFL
231,A*02:01_SLYLNTTVL,2,PBMC,A*02:01,SLYLNTTVL,9,,349.9,,6.21,0.444444444444444,0.0111411885264022,5.89524745824429e-05,2.0,11.0,False,0.0,0.0,,0.0,0.0,SPYLNTTVL
232,A*02:01_SMLFARHLREV,16,TIL,A*02:01,SMLFARHLREV,11,99.0,243.7,15.071688,4.87,0.454545454545455,0.112561230251276,0.0,3.0,5.0,False,0.0,0.0,,,,SMVFARHLREV
233,A*02:01_SQPPAGSEV,16,TIL,A*02:01,SQPPAGSEV,9,176.0,5491.7,,0.44,0.111111111111111,,0.992380228905816,2.0,3.0,False,0.0,0.0,,,,SPPPAGSEV
234,A*02:01_SQYEYTVLLSV,16,TIL,A*02:01,SQYEYTVLLSV,11,22.0,147.6,,4.83,0.363636363636364,0.0128677912907022,0.992380228905816,11.0,2.0,False,0.0,0.0,,,,SQYEYTVLLSG
235,A*02:01_SVLSALFSI,16,TIL,A*02:01,SVLSALFSI,9,8.3,14.5,8.19211,2.89,0.555555555555556,0.751484674527556,0.0,4.0,16.0,False,0.0,0.0,,,,SVLNALFSI
236,A*02:01_TIITQLSSV,16,TIL,A*02:01,TIITQLSSV,9,99.0,63.3,2.407851,1.94,0.444444444444444,0.00978445811453092,0.0,9.0,10.0,False,0.0,0.0,,,,TIITQLSSG
237,A*02:01_TLAECGGHVEL,12,TIL,A*02:01,TLAECGGHVEL,11,8.0,1380.5,8.372262,1.22,0.363636363636364,0.412394755183132,,4.0,5.0,False,0.0,0.0,,,,TLAACGGHVEL
238,A*02:01_TLFHDLWKL,2,PBMC,A*02:01,TLFHDLWKL,9,12.0,6.3,32.531078,3.64,0.555555555555556,0.381557792128657,0.992380228905816,6.0,13.0,False,0.0,0.0,,0.0,0.0,TLFHDPWKL
239,A*02:01_TLGIKLSFLV,2,PBMC,A*02:01,TLGIKLSFLV,10,,43.9,63.179247,1.41,0.6,1.09577021083717,0.0,7.0,10.0,False,0.0,0.0,,0.0,0.0,TLGIKLPFLV
240,A*02:01_TLMEVMSKI,2,PBMC,A*02:01,TLMEVMSKI,9,,11.9,87.8807668,10.42,0.555555555555556,2.41240458154138,0.0,7.0,13.0,False,0.0,0.0,,0.0,0.0,TLMEVMPKI
241,A*02:01_TLYLRNNQLV,16,TIL,A*02:01,TLYLRNNQLV,10,1380.0,857.0,,1.9,0.4,,0.0,,,False,0.0,0.0,,,,
242,A*02:01_TMMCVSRNEL,16,TIL,A*02:01,TMMCVSRNEL,10,2055.0,112.0,2.411295,0.97,0.5,0.6309434582695,0.0,4.0,5.0,False,0.0,0.0,,,,TMMSVSRNEL
243,A*02:01_TVWDFTLEL,12,TIL,A*02:01,TVWDFTLEL,9,1.6,14.2,,2.42,0.555555555555556,,0.0,3.0,1.0,False,0.0,0.0,,,,TVRDFTLEL
244,A*02:01_VLASLCLYV,1,PBMC,A*02:01,VLASLCLYV,9,14.0,5.5,19.1521200004,21.84,0.666666666666667,1.11986014603281,0.992380228905816,4.0,12.0,False,0.0,0.0,0.0,,,VLAPLCLYV
245,A*02:01_VLASLCLYVV,1,PBMC,A*02:01,VLASLCLYVV,10,40.0,15.0,19.1521200004,21.84,0.7,1.18124844594647,0.999941047525622,4.0,8.0,False,0.0,0.0,0.0,,,VLAPLCLYVV
246,A*02:01_VLFDRLSKL,12,TIL,A*02:01,VLFDRLSKL,9,9.4,18.0,5.770895,4.02,0.555555555555556,2.01245351100365,0.000117897998786109,5.0,15.0,False,0.0,0.0,,,,VLFDGLSKL
247,A*02:01_VLFDRLSKLA,12,TIL,A*02:01,VLFDRLSKLA,10,14.0,102.2,5.770895,4.02,0.5,2.80117520071184,0.000117897998786109,5.0,6.0,False,0.0,0.0,,,,VLFDGLSKLA
248,A*02:01_VLFSNESSL,2,PBMC,A*02:01,VLFSNESSL,9,,252.2,13.184113,1.39,0.444444444444444,0.23278610779631,0.0,3.0,13.0,False,0.0,0.0,,0.0,0.0,VLSSNESSL
249,A*02:01_VLLKAGWQNL,12,TIL,A*02:01,VLLKAGWQNL,10,400.0,232.1,6.655615,1.42,0.5,6.804445603696,0.0,4.0,6.0,False,0.0,0.046,,,,VLLEAGWQNL
250,A*02:01_VLLKAGWQNL,12,PBMC,A*02:01,VLLKAGWQNL,10,400.0,232.1,6.655615,1.42,0.5,6.804445603696,0.0,4.0,6.0,False,0.0,0.046,,,,VLLEAGWQNL
251,A*02:01_VLLSVLIILL,16,TIL,A*02:01,VLLSVLIILL,10,3564.0,50.9,,5.46,0.9,1.46264367816092,0.0,5.0,2.0,False,0.0,0.0,,,,VLLSGLIILL
252,A*02:01_VLMMHSATSA,1,PBMC,A*02:01,VLMMHSATSA,10,1414.0,559.7,201.23076,2.4,0.4,0.218577052137505,0.0,2.0,6.0,False,0.0,0.01,,,,VPMMHSATSA
253,A*02:01_VLNFYTTFV,2,PBMC,A*02:01,VLNFYTTFV,9,0.0,5.2,,9.83,0.555555555555556,0.551846414634771,0.0,5.0,10.0,False,0.0,0.0,,0.0,0.0,VLNFRTTFV;VLNFHTTFV
254,A*02:01_VLSALFSIT,16,TIL,A*02:01,VLSALFSIT,9,19402.0,625.1,,4.2,0.555555555555556,0.325201277024226,,3.0,5.0,False,0.0,0.0,,,,VLNALFSIT
255,A*02:01_VLVADVLSPV,12,TIL,A*02:01,VLVADVLSPV,10,1.9,7.1,,10.56,0.6,0.44207650273224,0.0,5.0,7.0,False,0.0,0.0,,,,VLVANVLSPV
256,A*02:01_VLWISAFMV,2,PBMC,A*02:01,VLWISAFMV,9,,14.8,33.19209,4.94,0.777777777777778,0.422053226599664,2.04919331109317e-13,5.0,15.0,False,0.0,0.0,,0.0,0.0,VLWIPAFMV
257,A*02:01_VSVLSALFSI,16,TIL,A*02:01,VSVLSALFSI,10,1880.0,219.9,,2.89,0.6,0.820854727691062,0.0,5.0,8.0,False,0.0,0.0,,,,VSVLNALFSI
258,A*02:01_WLVDFFSPWC,16,TIL,A*02:01,WLVDFFSPWC,10,17052.0,429.8,25.950686,1.04,0.7,0.921252217819667,,7.0,7.0,False,0.0,0.0,,,,WLVDFFAPWC
259,A*02:01_WQLDALDFLV,12,TIL,A*02:01,WQLDALDFLV,10,2.4,11.1,,2.63,0.6,0.568697909785924,2.04919331109317e-13,1.0,7.0,False,0.0,0.0,,,,GQLDALDFLV
260,A*02:01_YAVQDFLHEI,16,TIL,A*02:01,YAVQDFLHEI,10,1165.0,159.9,,5.7,0.4,0.172317816201535,0.0,1.0,6.0,False,0.0,0.0,,,,DAVQDFLHEI
261,A*02:01_YILDRESPL,2,PBMC,A*02:01,YILDRESPL,9,,61.0,4.415092,1.54,0.333333333333333,0.429650192749269,2.66881892112655e-11,4.0,7.0,False,0.0,0.0,,0.0,0.0,YILGRESPL
262,A*02:01_YITKRIIAV,2,PBMC,A*02:01,YITKRIIAV,9,42.0,47.7,116.406105,3.63,0.444444444444444,5.19962600955201,0.0,4.0,12.0,False,0.0,0.0,,0.0,0.0,YITERIIAV
263,A*02:01_YIYNPSLAL,12,TIL,A*02:01,YIYNPSLAL,9,101.0,38.3,1.738272,1.5,0.333333333333333,0.284014861511732,5.89559499766902e-05,3.0,12.0,False,0.0,0.0,,,,YIDNPSLAL
264,A*02:01_YLALPPTVYEV,2,PBMC,A*02:01,YLALPPTVYEV,11,6.0,14.1,83.895846,6.55,0.363636363636364,0.125380991872191,0.999999547320041,11.0,9.0,False,0.0,0.0,,0.0,0.0,YLALPPTVYEA
265,A*02:01_YLAVDALEL,2,PBMC,A*02:01,YLAVDALEL,9,20.0,14.1,38.239353,2.25,0.444444444444444,1.92427894332946,0.0,4.0,7.0,False,0.0,0.0,,0.0,0.0,YLAADALEL
266,A*02:01_YLDVFVHAI,12,TIL,A*02:01,YLDVFVHAI,9,8.7,3.8,,16.42,0.555555555555556,0.863636363636364,3.47580404973379e-09,4.0,1.0,False,0.0,0.0,,,,YLDLFVHAI
267,A*02:01_YLFIKDNEI,1,PBMC,A*02:01,YLFIKDNEI,9,22.0,15.2,7.1183048731,1.63,0.444444444444444,0.904761904761905,0.0,5.0,6.0,False,0.0,0.0,,,,YLFIEDNEI
268,A*02:01_YLIIENRYA,16,TIL,A*02:01,YLIIENRYA,9,142.0,199.9,0.848997,1.89,0.333333333333333,0.114841429970857,0.0,8.0,8.0,False,0.0,0.0,,,,YLIIENRDA
269,A*02:01_YLIIENRYAV,16,TIL,A*02:01,YLIIENRYAV,10,38.0,12.2,0.848997,5.42,0.4,0.140384751655894,0.0,8.0,11.0,False,0.0,0.0,,,,YLIIENRDAV
270,A*02:01_YLLIHGTAV,2,PBMC,A*02:01,YLLIHGTAV,9,11.0,14.6,4.9234642,5.6,0.444444444444444,0.00138962704854862,4.52679959335127e-07,9.0,11.0,False,,,,0.0,0.0,YLLIHGTAD
271,A*02:01_YLLNDASPI,2,PBMC,A*02:01,YLLNDASPI,9,,5.1,35.853181,7.65,0.333333333333333,0.548704153034955,0.0,8.0,6.0,False,0.0,0.0,,0.0,0.0,YLLNDASLI
272,A*02:01_YLLQKLSCL,2,PBMC,A*02:01,YLLQKLSCL,9,23.0,12.3,2.6887701,8.55,0.555555555555556,0.962723418689104,0.999999849106635,4.0,9.0,False,0.0,0.0,,0.0,0.0,YLLRKLSCL
273,A*02:01_YLLRHANIFTHQL,1,PBMC,A*02:01,YLLRHANIFTHQL,13,40.0,80.5,,1.69,0.384615384615385,0.00362046710771902,0.996190114452908,2.0,1.0,False,0.0,0.003,0.0,,,YPLRHANIFTHQL
274,A*02:01_YLNEAVFNF,16,TIL,A*02:01,YLNEAVFNF,9,3.5,29.4,4.759149,3.68,0.444444444444444,0.220559876878325,0.0,6.0,6.0,False,0.0,0.0,,,,YLNEAGFNF
275,A*02:01_YLNEAVFNFV,16,TIL,A*02:01,YLNEAVFNFV,10,8.4,3.5,,20.22,0.5,0.714285714285714,0.0,6.0,3.0,True,1.0,0.19,,,,YLNEAGFNFV
276,A*02:01_YLVVADVCPKV,1,PBMC,A*02:01,YLVVADVCPKV,11,57.0,48.9,,6.62,0.545454545454545,0.00323511121108274,3.47580404973379e-09,11.0,1.0,False,0.0,0.0,,,,YLVVADVCPKE
277,A*02:01_YLYHRVDVI,1,PBMC,A*02:01,YLYHRVDVI,9,15.0,16.4,85.7972660006,6.46,0.444444444444444,0.0056103012026435,0.0,1.0,14.0,True,1.0,0.0585,1.0,,,DLYHRVDVI
278,A*02:01_YLYVYKIV,16,TIL,A*02:01,YLYVYKIV,8,1969.0,597.8,8.854365,5.19,0.5,0.380652002501427,0.0,7.0,4.0,False,0.0,0.0,,,,YLYVYKNV
279,A*02:01_YLYVYKIVSQ,16,TIL,A*02:01,YLYVYKIVSQ,10,10275.0,6283.9,8.854365,5.19,0.4,0.308543258505262,,7.0,5.0,False,0.0,0.0,,,,YLYVYKNVSQ
280,A*02:01_YLYVYKIVSQL,16,TIL,A*02:01,YLYVYKIVSQL,11,1002.0,303.2,8.854365,4.55,0.454545454545455,0.896510940272028,0.0,7.0,8.0,False,0.0,0.0,,,,YLYVYKNVSQL
281,A*02:01_YMPGVGDFA,2,PBMC,A*02:01,YMPGVGDFA,9,,129.1,11.3829,0.92,0.333333333333333,0.0560973081765491,0.0,1.0,10.0,False,0.0,0.0,,0.0,0.0,HMPGVGDFA
282,A*02:01_YMPGVGDFAV,2,PBMC,A*02:01,YMPGVGDFAV,10,15.0,18.0,11.3829,3.49,0.4,0.0737818013890467,0.0,1.0,11.0,False,0.0,0.0,,0.0,0.0,HMPGVGDFAV
283,A*02:01_YMWRWKQFL,12,TIL,A*02:01,YMWRWKQFL,9,22.0,3.4,,6.03,0.555555555555556,0.104551784796497,0.999999547320041,2.0,7.0,False,0.0,0.0,,,,YVWRWKQFL
284,A*02:01_YQANVVWKV,12,TIL,A*02:01,YQANVVWKV,9,7.0,4.1,,27.13,0.444444444444444,8.50755296411182e-05,0.0151242984958687,1.0,5.0,True,1.0,0.152,,,,
285,A*02:01_YQSPDLSKV,12,TIL,A*02:01,YQSPDLSKV,9,22.0,81.9,5.85313,4.37,0.222222222222222,14.962648479997,0.0,2.0,8.0,False,0.0,0.0,,,,YLSPDLSKV
286,A*02:01_YVQCFLAFT,12,TIL,A*02:01,YVQCFLAFT,9,97.0,186.0,0.655221,1.1,0.555555555555556,0.57834013436787,5.89524745824429e-05,5.0,9.0,False,0.0,0.0,,,,YVQCVLAFT
287,A*02:01_YVYKIVSQL,16,TIL,A*02:01,YVYKIVSQL,9,311.0,132.4,8.854365,2.6,0.444444444444444,0.825963752408114,0.0,5.0,14.0,False,0.0,0.0,,,,YVYKNVSQL
288,A*03:01_ADVLSPVLVK,12,TIL,A*03:01,ADVLSPVLVK,10,3954.0,45.0,,3.02,0.5,1.0,,2.0,6.0,False,0.0,0.0,,,,ANVLSPVLVK
289,A*03:01_AINRPTVLK,3,PBMC,A*03:01,AINRPTVLK,9,,17.5,2.65461,5.14,0.333333333333333,2.67792685033485,0.0,3.0,8.0,True,1.0,0.33,,1.0,0.028,AIYRPTVLK
290,A*03:01_ALLPPPPLAK,3,PBMC,A*03:01,ALLPPPPLAK,10,23.0,25.0,26.19883,5.11,0.3,0.182496723696993,0.5,3.0,11.0,False,0.0,0.0,0.0,0.0,0.0,ALPPPPPLAK
291,A*03:01_ALYFNSQWK,12,TIL,A*03:01,ALYFNSQWK,9,12.0,21.9,,4.14,0.333333333333333,0.725591878764603,0.0,6.0,10.0,True,1.0,0.24,,,,ALYFNGQWK
292,A*03:01_ALYKVEINK,3,PBMC,A*03:01,ALYKVEINK,9,,20.1,2.451326,9.59,0.333333333333333,0.00216177515451378,1.5734275536184e-15,9.0,11.0,False,0.0,0.0,,0.0,0.0,ALYKVEINE
293,A*03:01_ASFFGVHSK,3,PBMC,A*03:01,ASFFGVHSK,9,,20.9,460.078564,1.82,0.333333333333333,1.10723152183187,0.0,8.0,10.0,False,0.0,0.0,,0.0,0.0,ASFFGVHPK
294,A*03:01_ATNYIYVLNK,3,PBMC,A*03:01,ATNYIYVLNK,10,,22.7,177.825831,5.13,0.3,0.00321941304652211,0.0,10.0,11.0,False,0.0,0.0,,0.0,0.0,ATNYIYVLNE
295,A*03:01_ATRRPVWKLVK,12,TIL,A*03:01,ATRRPVWKLVK,11,31.0,404.2,9.659287,2.1,0.363636363636364,0.00648110595533925,0.0,1.0,5.0,False,0.0,0.0,,,,
296,A*03:01_ATRYNYTSEK,3,PBMC,A*03:01,ATRYNYTSEK,10,14.0,16.7,36.6277262,1.89,0.0,0.00243671547877552,0.0,10.0,10.0,True,0.0,0.0,1.0,0.0,0.0,ATRYNYTSEE
297,A*03:01_ATYKGVPYEVK,3,PBMC,A*03:01,ATYKGVPYEVK,11,5.0,48.6,44.59235,4.48,0.181818181818182,0.762838237469102,9.05359508856312e-07,8.0,10.0,True,1.0,0.52,1.0,1.0,0.109,ATYKGVPFEVK
298,A*03:01_AVRVLFPGIK,3,PBMC,A*03:01,AVRVLFPGIK,10,636.0,147.3,12.73401,2.48,0.5,0.0270622956978958,0.992380228905816,10.0,9.0,False,0.0,0.0,,0.0,0.0,AVRVLFPGIE
299,A*03:01_CRLFPYALHK,3,PBMC,A*03:01,CRLFPYALHK,10,974.0,7.7,,42.15,0.4,0.373324643013936,,4.0,8.0,False,0.0,0.0,,0.0,0.0,CRLLPYALHK
300,A*03:01_CVIDAAVLLK,12,TIL,A*03:01,CVIDAAVLLK,10,1789.0,115.0,9.9834225,0.95,0.6,0.0994679519176548,1.5734275536184e-15,10.0,10.0,False,0.0,0.0,,,,CVIDAAVLLE
301,A*03:01_FIYLFVTETK,12,TIL,A*03:01,FIYLFVTETK,10,1944.0,107.5,0.319773,0.77,0.5,0.756572461437722,0.0,7.0,11.0,False,0.0,0.0,,,,FIYLFVPETK
302,A*03:01_GIKAHPVLK,3,PBMC,A*03:01,GIKAHPVLK,9,59.0,47.2,12.73401,2.31,0.333333333333333,0.270017016379183,0.0,3.0,13.0,False,0.0,0.0,,0.0,0.0,GIEAHPVLK
303,A*03:01_GLLAAGLGR,12,TIL,A*03:01,GLLAAGLGR,9,1082.0,678.7,0.1648784,1.23,0.333333333333333,1.03493873134801,0.0,3.0,7.0,False,0.0,0.0,,,,GLRAAGLGR
304,A*03:01_GLSFHLQSSK,3,PBMC,A*03:01,GLSFHLQSSK,10,31.0,29.9,2.37595068682,1.82,0.3,0.609826740292459,0.0,4.0,9.0,False,0.0,0.0,,0.0,0.0,GLSSHLQSSK
305,A*03:01_GMLNTSVPNY,12,TIL,A*03:01,GMLNTSVPNY,10,15852.0,297.5,0.21988,0.23,0.3,0.00975155516820634,0.0,10.0,7.0,False,0.0,0.0,,,,GMLNTSVPND
306,A*03:01_GVYTKEFLY,3,PBMC,A*03:01,GVYTKEFLY,9,4804.0,159.9,0.2118386,0.4,0.333333333333333,0.560785062812651,0.0,7.0,6.0,False,0.0,0.0,,0.0,0.0,GVYTKESLY
307,A*03:01_HLFDIQGLPK,3,PBMC,A*03:01,HLFDIQGLPK,10,,16.7,17.712298269,3.6,0.4,0.351232197075573,0.0,3.0,9.0,True,0.0,0.0,1.0,0.0,0.0,HLLDIQGLPK
308,A*03:01_ILFRTPSVAK,3,PBMC,A*03:01,ILFRTPSVAK,10,0.0,10.5,32.7431059,3.8,0.4,0.500936986767489,0.0,3.0,10.0,True,0.0,0.0,1.0,0.0,0.0,ILSRTPSVAK
309,A*03:01_ILGYWIRTSK,3,PBMC,A*03:01,ILGYWIRTSK,10,,13.8,38.365169,0.86,0.4,1.1011672247288,0.999999999999795,3.0,9.0,False,0.0,0.0,,0.0,0.0,ILSYWIRTSK
310,A*03:01_ILYTLRMIMAK,12,TIL,A*03:01,ILYTLRMIMAK,11,0.43,24.9,23.96313,5.74,0.545454545454545,1.41649461258479,0.0,5.0,8.0,False,0.0,0.0,,,,ILYTFRMIMAK
311,A*03:01_ITGALVLFMK,12,TIL,A*03:01,ITGALVLFMK,10,963.0,54.6,1.229539,0.89,0.6,0.00320422502081905,0.0,10.0,6.0,False,0.0,0.0,,,,ITGALVLFMT
312,A*03:01_KAPVGHFYK,3,PBMC,A*03:01,KAPVGHFYK,9,218.0,414.5,366.314028,0.52,0.222222222222222,0.016334419735333,0.0,9.0,11.0,False,0.0,0.0,0.0,0.0,0.0,KAPVGHFYE
313,A*03:01_KEAADPLAFK,3,PBMC,A*03:01,KEAADPLAFK,10,2060.0,75.9,,0.66,0.2,0.48068397720076,,9.0,1.0,False,0.0,0.0,,0.0,0.0,KEAADPLASK
314,A*03:01_KINRALTAAK,3,PBMC,A*03:01,KINRALTAAK,10,47.0,22.4,,12.12,0.2,0.802867383512545,0.0,7.0,1.0,False,0.0,0.0,0.0,0.0,0.0,KINRALAAAK
315,A*03:01_KIVEMSTSK,3,PBMC,A*03:01,KIVEMSTSK,9,122.0,61.2,,3.9,0.333333333333333,0.931506849315068,0.0,7.0,1.0,True,0.0,0.0,1.0,0.0,0.0,KIVEMSASK
316,A*03:01_KIYTGEKPYK,3,PBMC,A*03:01,KIYTGEKPYK,10,30.0,14.1,11.13847,6.71,0.1,0.218105534965138,1.35803864849162e-06,3.0,7.0,True,0.0,0.0,1.0,0.0,0.0,KIHTGEKPYK;KIDTGEKPYK
317,A*03:01_KLHVASLSFR,3,PBMC,A*03:01,KLHVASLSFR,10,39.0,58.3,338.8826,2.97,0.4,0.00970822389341205,6.95160807530515e-09,2.0,11.0,False,0.0,0.0,0.0,0.0,0.0,KPHVASLSFR
318,A*03:01_KLRDEISLAK,3,PBMC,A*03:01,KLRDEISLAK,10,,18.7,41.438896,13.5,0.3,0.670289067012652,9.05359508832148e-07,7.0,10.0,True,0.0,0.0,1.0,0.0,0.0,KLRDEINLAK
319,A*03:01_KLYESFYGPEK,12,TIL,A*03:01,KLYESFYGPEK,11,68.0,44.2,0.661816,23.09,0.181818181818182,0.18218804585503,0.0,3.0,10.0,False,0.0,0.0,,,,KLDESFYGPEK
320,A*03:01_KLYKCKVCDK,3,PBMC,A*03:01,KLYKCKVCDK,10,,19.3,23.6139971626,11.54,0.4,0.0446352239137883,0.0,2.0,9.0,False,0.0,0.0,,0.0,0.0,KPYKCKVCDK;KSYKCKVCDK
321,A*03:01_KMFCAGYPK,3,PBMC,A*03:01,KMFCAGYPK,9,8.0,12.1,,16.71,0.333333333333333,0.00348385035119876,0.0,9.0,11.0,False,0.0,0.0,0.0,0.0,0.0,KMFCAGYPE
322,A*03:01_KSATRRPVWK,12,TIL,A*03:01,KSATRRPVWK,10,81.0,61.3,9.659287,1.32,0.2,0.00252135165468681,0.0,2.0,4.0,False,0.0,0.0,,,,
323,A*03:01_KTYACQQCGK,3,PBMC,A*03:01,KTYACQQCGK,10,,18.7,,25.57,0.2,0.0172662167496192,5.89524745824429e-05,2.0,8.0,False,0.0,0.0,,0.0,0.0,KPYACQQCGK
324,A*03:01_KVYDIAFSR,3,PBMC,A*03:01,KVYDIAFSR,9,3.0,81.3,69.009947,3.1,0.333333333333333,0.0321907267363522,0.0,1.0,11.0,False,0.0,0.0,0.0,0.0,0.0,EVYDIAFSR
325,A*03:01_LLFGVSALGK,3,PBMC,A*03:01,LLFGVSALGK,10,,11.8,1.8084095,4.24,0.5,0.361224255372967,0.0,2.0,6.0,False,0.0,0.0,,0.0,0.0,LSFGVSALGK
326,A*03:01_LLFKAGEMRK,3,PBMC,A*03:01,LLFKAGEMRK,10,,12.9,15.4156644,2.93,0.4,0.713253677119032,0.0,4.0,5.0,False,0.0,0.0,0.0,0.0,0.0,LLFEAGEMRK
327,A*03:01_LLPPPPLAK,3,PBMC,A*03:01,LLPPPPLAK,9,,127.4,26.19883,0.6,0.333333333333333,0.0158266186167923,0.5,2.0,13.0,False,0.0,0.0,,0.0,0.0,LPPPPPLAK
328,A*03:01_LVYQFKDMLK,3,PBMC,A*03:01,LVYQFKDMLK,10,,13.2,31.596607,2.12,0.5,0.764526113342056,0.999941047525419,9.0,9.0,False,0.0,0.0,,0.0,0.0,LVYQFKDMPK
329,A*03:01_MFYAVRWGRK,12,TIL,A*03:01,MFYAVRWGRK,10,77.0,124.8,,0.28,0.4,0.618527171100997,0.0,7.0,9.0,False,0.0,0.0,,,,MFYAVRRGRK
330,A*03:01_MLNTSVPNY,12,TIL,A*03:01,MLNTSVPNY,9,924.0,172.9,0.21988,0.23,0.333333333333333,0.0994549228818669,0.0,9.0,10.0,False,0.0,0.0,,,,MLNTSVPND
331,A*03:01_MLNTSVPNY,12,PBMC,A*03:01,MLNTSVPNY,9,924.0,172.9,0.21988,0.23,0.333333333333333,0.0994549228818669,0.0,9.0,10.0,False,0.0,0.0,,,,MLNTSVPND
332,A*03:01_RIALWPLAY,12,TIL,A*03:01,RIALWPLAY,9,11.0,60.0,,0.42,0.444444444444444,,0.0,6.0,1.0,False,0.0,0.0,,,,RIALWSLAY
333,A*03:01_RIHTSVKLY,12,TIL,A*03:01,RIHTSVKLY,9,9126.0,194.7,3.863874,0.35,0.333333333333333,0.142880689038381,,6.0,12.0,False,0.0,0.0,,,,RIHTSDKLY
334,A*03:01_RIPRTVGQK,3,PBMC,A*03:01,RIPRTVGQK,9,,84.8,223.103951,0.85,0.222222222222222,0.00543874801185129,2.66881892112655e-11,9.0,13.0,False,0.0,0.0,,0.0,0.0,RIPRTVGQE
335,A*03:01_RIYGFSFPDPK,3,PBMC,A*03:01,RIYGFSFPDPK,11,,22.1,93.573704,11.13,0.272727272727273,0.562450820613272,0.999999996524198,5.0,9.0,False,0.0,0.0,,0.0,0.0,RIYGISFPDPK
336,A*03:01_RKSNRVKTCK,3,PBMC,A*03:01,RKSNRVKTCK,10,5173.0,1145.0,,3.92,0.2,,,5.0,1.0,False,0.0,0.0,,0.0,0.0,RKSNQVKTCK
337,A*03:01_RLFPYALHK,3,PBMC,A*03:01,RLFPYALHK,9,15.0,3.5,,42.15,0.333333333333333,0.583839837420765,0.0,3.0,14.0,True,0.0,0.0,1.0,0.0,0.0,RLLPYALHK
338,A*03:01_RLFPYALHKW,3,PBMC,A*03:01,RLFPYALHKW,10,,15.8,,42.15,0.4,0.258763155355972,,3.0,6.0,False,0.0,0.0,,0.0,0.0,RLLPYALHKW
339,A*03:01_RLFSALNSHK,3,PBMC,A*03:01,RLFSALNSHK,10,1.0,7.8,12.0172694,25.94,0.3,0.543715652833049,0.0,3.0,4.0,False,0.0,0.0,0.0,0.0,0.0,RLLSALNSHK
340,A*03:01_RMFLRFQKK,3,PBMC,A*03:01,RMFLRFQKK,9,,6.9,0.0340449,5.3,0.444444444444444,0.00334557065711036,0.0,9.0,5.0,False,0.0,0.0,0.0,0.0,0.0,RMFLRFQKE
341,A*03:01_RTGKGQPCNK,12,TIL,A*03:01,RTGKGQPCNK,10,275.0,291.3,21.707309,2.86,0.1,1.16859315081443,0.0,8.0,13.0,False,0.0,0.0,,,,RTGKGQPSNK
342,A*03:01_RTKYDFTWFK,3,PBMC,A*03:01,RTKYDFTWFK,10,,13.3,49.9568300023,5.24,0.3,0.53403892772478,3.47580404973379e-09,4.0,10.0,False,0.0,0.0,,0.0,0.0,RTKNDFTWFK
343,A*03:01_RTREFTAKK,3,PBMC,A*03:01,RTREFTAKK,9,36.0,35.7,,12.4,0.111111111111111,0.602166481144836,0.0,5.0,16.0,True,1.0,0.175,0.0,0.0,0.0,RTRESTAKK
344,A*03:01_RTREFTAKKIK,3,PBMC,A*03:01,RTREFTAKKIK,11,,393.3,,12.4,0.181818181818182,0.546384760404436,0.0,5.0,8.0,False,0.0,0.0,,0.0,0.0,RTRESTAKKIK
345,A*03:01_RVDFSATWYK,3,PBMC,A*03:01,RVDFSATWYK,10,9.0,11.4,34.514888,3.66,0.3,1.03957495096172,0.0,5.0,8.0,False,0.0,0.0,0.0,0.0,0.0,RVDFPATWYK
346,A*03:01_RVLFPGIK,3,PBMC,A*03:01,RVLFPGIK,8,,399.5,12.73401,2.48,0.5,0.0345562083401113,0.992380228905816,8.0,5.0,False,0.0,0.0,,0.0,0.0,RVLFPGIE
347,A*03:01_RVWDVSGLRK,3,PBMC,A*03:01,RVWDVSGLRK,10,,22.4,,10.04,0.4,1.05660377358491,0.999999547320041,5.0,1.0,False,0.0,0.0,0.0,0.0,0.0,RVWDISGLRK
348,A*03:01_SLHAHGLSYK,3,PBMC,A*03:01,SLHAHGLSYK,10,,8.3,0.31329886493,7.27,0.2,0.00812730830400053,4.52679959335127e-07,10.0,7.0,False,0.0,0.0,0.0,0.0,0.0,SLHAHGLSYE
349,A*03:01_SLKTNQTLQLK,3,PBMC,A*03:01,SLKTNQTLQLK,11,539.0,398.8,17.697872,18.67,0.272727272727273,0.125407452525851,0.0,2.0,5.0,False,0.0,0.0,,0.0,0.0,SPKTNQTLQLK
350,A*03:01_SLSNFPQLK,3,PBMC,A*03:01,SLSNFPQLK,9,40.0,14.8,5.3856362,3.48,0.333333333333333,0.414953887701488,0.0,5.0,8.0,False,0.0,0.0,,0.0,0.0,SLSNSPQLK
351,A*03:01_STLFRVVVAK,12,TIL,A*03:01,STLFRVVVAK,10,31.0,30.9,9.659287,3.63,0.5,0.000671530880981012,0.0,1.0,4.0,False,0.0,0.0,,,,
352,A*03:01_SVEAFVCHRK,12,TIL,A*03:01,SVEAFVCHRK,10,5905.0,158.8,10.794069,0.79,0.4,0.490321036423667,0.0,5.0,8.0,False,0.0,0.0,,,,SVEALVCHRK
353,A*03:01_SVFTSVRRK,12,TIL,A*03:01,SVFTSVRRK,9,1.3,28.3,4.335116,2.2,0.333333333333333,0.640780766077393,0.0,5.0,5.0,False,0.0,0.0,,,,
354,A*03:01_TLFRVVVAK,12,TIL,A*03:01,TLFRVVVAK,9,0.82,28.5,9.659287,3.63,0.555555555555556,0.000700639075006935,0.0,1.0,5.0,False,0.0,0.0,,,,
355,A*03:01_TLWEQFLEK,3,PBMC,A*03:01,TLWEQFLEK,9,65.0,55.6,25.22997,1.57,0.444444444444444,0.0112164401326075,0.0,2.0,14.0,False,0.0,0.0,0.0,0.0,0.0,TPWEQFLEK
356,A*03:01_TSARTENFK,12,TIL,A*03:01,TSARTENFK,9,740.0,869.5,0.781098,0.52,0.111111111111111,0.163232036154289,,8.0,8.0,False,0.0,0.0,,,,TSARTENVK
357,A*03:01_VIDAAVLLK,12,TIL,A*03:01,VIDAAVLLK,9,77.0,103.4,9.9834225,1.37,0.555555555555556,0.0662833398189362,0.0,9.0,13.0,False,0.0,0.0,,,,VIDAAVLLE
358,A*03:01_VLFDRLSK,12,TIL,A*03:01,VLFDRLSK,8,901.0,82.7,5.770895,6.59,0.5,0.595331018203609,0.0,5.0,7.0,False,0.0,0.0,,,,VLFDGLSK
359,A*03:01_VLFDRLSK,12,PBMC,A*03:01,VLFDRLSK,8,901.0,82.7,5.770895,6.59,0.5,0.595331018203609,0.0,5.0,7.0,False,0.0,0.0,,,,VLFDGLSK
360,A*03:01_YLWAAQAEK,3,PBMC,A*03:01,YLWAAQAEK,9,,77.9,1.8103987,1.78,0.222222222222222,0.00735602876786579,0.0,9.0,11.0,False,0.0,0.0,,0.0,0.0,YLWAAQAEE
361,A*03:01_YLYCYGYWKK,3,PBMC,A*03:01,YLYCYGYWKK,10,,46.0,35.977243,1.6,0.3,0.0111624069586068,0.0,2.0,12.0,False,0.0,0.0,,0.0,0.0,YPYCYGYWKK
362,A*11:01_FTANPPSQTK,16,TIL,A*11:01,FTANPPSQTK,10,587.0,115.3,,3.79,0.1,1.16973700591486,0.0,1.0,11.0,False,0.0,0.0,,,,CTANPPSQTK
363,A*11:01_GAFMRPITLK,16,TIL,A*11:01,GAFMRPITLK,10,6.7,19.3,0.0,3.45,0.4,0.972195398118369,0.0,3.0,3.0,False,0.0,0.0,,,,GALMRPITLK
364,A*11:01_GSNNLILIY,16,TIL,A*11:01,GSNNLILIY,9,35.0,153.0,7.078061,0.31,0.444444444444444,0.00650012638862413,0.0,5.0,6.0,False,0.0,0.0,,,,
365,A*11:01_GVLPNYSEGK,16,TIL,A*11:01,GVLPNYSEGK,10,129.0,107.0,,5.15,0.2,0.0502557183943695,5.89524747873381e-05,10.0,12.0,False,0.0,0.0,,,,GVLPNYSEGT
366,A*11:01_HTDGHSEK,16,TIL,A*11:01,HTDGHSEK,8,12721.0,5087.0,,4.6,0.0,,,,1.0,False,0.0,0.0,,,,
367,A*11:01_ILIYWNPFHR,16,TIL,A*11:01,ILIYWNPFHR,10,642.0,107.4,7.078061,0.88,0.5,0.00505945836295148,5.46892588183849e-24,2.0,6.0,False,0.0,0.0,,,,
368,A*11:01_KIFLCNARVK,16,TIL,A*11:01,KIFLCNARVK,10,987.0,94.4,,2.51,0.5,0.786791564377948,0.0,4.0,8.0,False,0.0,0.0,,,,KIFQCNARVK
369,A*11:01_KQLYRVFQK,16,TIL,A*11:01,KQLYRVFQK,9,11.0,30.8,0.527042684,6.14,0.333333333333333,0.0170395113920828,0.5,2.0,6.0,False,0.0,0.0,,,,KELYRVFQK
370,A*11:01_KTDTGVHATLK,16,TIL,A*11:01,KTDTGVHATLK,11,15.0,283.5,0.62143025,26.8,0.181818181818182,1.22769301702132,0.0,4.0,8.0,False,0.0,0.0,,,,KTDPGVHATLK
371,A*11:01_LIYWNPFHR,16,TIL,A*11:01,LIYWNPFHR,9,0.98,24.5,7.078061,0.88,0.444444444444444,0.00176934287367725,0.0,2.0,7.0,False,0.0,0.0,,,,
372,A*11:01_LSSWHTPTLQK,16,TIL,A*11:01,LSSWHTPTLQK,11,18.0,174.5,,7.35,0.272727272727273,0.00477079651678404,0.0,1.0,3.0,False,0.0,0.0,,,,
373,A*11:01_LSVSDSHVYK,16,TIL,A*11:01,LSVSDSHVYK,10,18.0,14.1,1.3262015,19.94,0.3,0.70937213711809,0.0,6.0,8.0,False,0.0,0.0,,,,LSVSDRHVYK
374,A*11:01_MLSSHIATK,16,TIL,A*11:01,MLSSHIATK,9,41.0,31.6,,3.95,0.333333333333333,0.000832308899731051,0.0,1.0,3.0,False,0.0,0.0,,,,
375,A*11:01_NLWPVPHGLK,16,TIL,A*11:01,NLWPVPHGLK,10,914.0,254.7,19.44205,0.6,0.4,0.00838228290809731,0.999999999991149,10.0,11.0,False,0.0,0.0,,,,NLWPVPHGLE
376,A*11:01_RISASCATR,16,TIL,A*11:01,RISASCATR,9,1505.0,346.4,0.1718632,2.52,0.222222222222222,1.79547574022742,0.0,6.0,10.0,False,0.0,0.0,,,,RISASSATR
377,A*11:01_RLLRPIYDY,16,TIL,A*11:01,RLLRPIYDY,9,1187.0,635.3,3.794759,0.2,0.333333333333333,0.0483017013104637,,2.0,7.0,False,0.0,0.0,,,,RRLRPIYDY
378,A*11:01_RSMLFARHLR,16,TIL,A*11:01,RSMLFARHLR,10,2.4,28.4,15.071688,4.36,0.4,0.784106787676977,0.0,4.0,9.0,False,0.0,0.0,,,,RSMVFARHLR
379,A*11:01_SALANPIGK,16,TIL,A*11:01,SALANPIGK,9,1.1,28.2,0.0372848,1.99,0.222222222222222,1.2361591108989,0.0,5.0,7.0,False,0.0,0.0,,,,SALATPIGK
380,A*11:01_SMLFARHLR,16,TIL,A*11:01,SMLFARHLR,9,68.0,71.8,15.071688,0.44,0.444444444444444,0.512623925718344,0.0,3.0,10.0,False,0.0,0.0,,,,SMVFARHLR
381,A*11:01_SPLCNFNIIK,16,TIL,A*11:01,SPLCNFNIIK,10,2557.0,43.8,,0.73,0.5,0.00271590434435492,0.000117897998787682,10.0,4.0,False,0.0,0.0,,,,SPLCNFNIIE
382,A*11:01_SQYCRPISTK,16,TIL,A*11:01,SQYCRPISTK,10,14.0,59.7,,2.34,0.2,0.0218268867372423,1.5734275536184e-15,10.0,6.0,False,0.0,0.0,,,,SQYCRPISTQ
383,A*11:01_SSQYCRPISTK,16,TIL,A*11:01,SSQYCRPISTK,11,68.0,255.7,,2.34,0.181818181818182,0.165551878833279,1.5734275536184e-15,11.0,3.0,False,0.0,0.0,,,,SSQYCRPISTQ
384,A*11:01_SSWHTPTLQK,16,TIL,A*11:01,SSWHTPTLQK,10,1.0,13.9,,7.35,0.2,0.000444913545433607,0.0,1.0,6.0,False,0.0,0.0,,,,
385,A*11:01_SVRCYVPSCLK,16,TIL,A*11:01,SVRCYVPSCLK,11,467.0,63.6,2.407851,4.96,0.454545454545455,0.111022386603194,0.992380674713825,2.0,10.0,False,0.0,0.0,,,,SGRCYVPSCLK
386,A*11:01_SVSDSHVYK,16,TIL,A*11:01,SVSDSHVYK,9,1.5,4.8,1.3262015,19.94,0.222222222222222,0.885097911396638,0.0,5.0,15.0,False,0.0,0.0,,,,SVSDRHVYK
387,A*11:01_SVSDSHVYKY,16,TIL,A*11:01,SVSDSHVYKY,10,61.0,41.5,1.3262015,19.94,0.2,0.574012970809014,0.0,5.0,8.0,False,0.0,0.0,,,,SVSDRHVYKY
388,A*11:01_SVTFNGQVFK,16,TIL,A*11:01,SVTFNGQVFK,10,0.63,4.9,,42.15,0.4,0.00774336283185841,5.33763784211064e-11,10.0,1.0,False,0.0,0.0,,,,SVTFNGQVFQ
389,A*11:01_TDTGVHATLK,16,TIL,A*11:01,TDTGVHATLK,10,7644.0,180.8,0.3466005,0.9,0.2,0.0487985536612839,,3.0,7.0,False,0.0,0.0,,,,TDPGVHATLK
390,A*11:01_TQCKWQFVAK,16,TIL,A*11:01,TQCKWQFVAK,10,533.0,100.1,,1.34,0.4,0.648736228127025,0.0,8.0,2.0,False,0.0,0.0,,,,TQCKWQFGAK
391,A*11:01_TVIAVASSMR,16,TIL,A*11:01,TVIAVASSMR,10,1629.0,332.8,7.960387,0.83,0.4,0.257761324380189,0.0,3.0,12.0,False,0.0,0.0,,,,TVRAVASSMR
392,A*11:01_VIAVASSMR,16,TIL,A*11:01,VIAVASSMR,9,833.0,432.3,7.960387,0.64,0.444444444444444,0.0211099537033364,0.0,2.0,11.0,False,0.0,0.0,,,,VRAVASSMR
393,A*11:01_VTFNGQVFK,16,TIL,A*11:01,VTFNGQVFK,9,1.3,4.0,,42.15,0.444444444444444,0.0100933636134242,5.33763784211064e-11,9.0,1.0,False,0.0,0.0,,,,VTFNGQVFQ
394,A*11:01_VVGAAGVGK,16,TIL,A*11:01,VVGAAGVGK,9,29.0,93.1,0.717587,3.85,0.333333333333333,0.687495098083971,0.0,5.0,13.0,False,0.0,0.0,,,,VVGASGVGK;VVGARGVGK;VVGAGGVGK
395,A*11:01_VVVGAAGVGK,16,TIL,A*11:01,VVVGAAGVGK,10,28.0,180.5,0.717587,4.27,0.4,0.674939114177688,0.0,6.0,11.0,False,0.0,0.0,,,,VVVGAGGVGK;VVVGASGVGK
396,A*11:01_YSNFISHLAK,16,TIL,A*11:01,YSNFISHLAK,10,5.2,14.0,,2.69,0.3,,0.0,,,False,0.0,0.0,,,,
397,A*24:02_AWLLRKNFF,10,TIL,A*24:02,AWLLRKNFF,9,94.0,380.5,,1.74,0.555555555555556,,0.0,3.0,2.0,False,0.0,0.0,,,,AWRLRKNFF
398,A*24:02_AWLLRKNFFYF,10,TIL,A*24:02,AWLLRKNFFYF,11,0.12,162.1,,4.41,0.545454545454545,0.214247951361353,0.0,3.0,3.0,False,0.0,0.0,,,,AWRLRKNFFYF
399,A*24:02_AYGNNCDGI,10,TIL,A*24:02,AYGNNCDGI,9,578.0,1895.9,2.869137,0.39,0.222222222222222,0.859746548123459,,6.0,3.0,False,0.0,0.0,,,,AYGNNSDGI
400,A*24:02_AYQKAPTKQF,10,TIL,A*24:02,AYQKAPTKQF,10,140.0,152.4,,2.44,0.1,0.924196482716798,0.0,9.0,3.0,False,0.0,0.0,,,,AYQKAPTKEF
401,A*24:02_AYYFMVKVW,10,TIL,A*24:02,AYYFMVKVW,9,114.0,108.1,26.611488,3.91,0.555555555555556,0.220965842833328,0.0,3.0,8.0,False,0.0,0.0,,,,AYDFMVKVW
402,A*24:02_EYQDMHSYI,10,TIL,A*24:02,EYQDMHSYI,9,13.0,298.9,0.931241,1.25,0.222222222222222,0.0518800038929733,5.33763784211064e-11,2.0,2.0,False,0.0,0.0,,,,EHQDMHSYI
403,A*24:02_IYANMFKKF,10,TIL,A*24:02,IYANMFKKF,9,7.0,12.9,,10.05,0.444444444444444,,2.66881892112655e-11,,1.0,False,0.0,0.0,,,,
404,A*24:02_LDYVENLAKF,10,TIL,A*24:02,LDYVENLAKF,10,483.0,44.7,,1.63,0.4,0.00161806440403104,,3.0,2.0,False,0.0,0.0,,,,LDDVENLAKF
405,A*24:02_LLYEDVFPVW,10,TIL,A*24:02,LLYEDVFPVW,10,633.0,497.2,,3.07,0.6,1.08418491236241,6.95160807530515e-09,8.0,3.0,False,0.0,0.0,,,,LLYEDVFAVW
406,A*24:02_LYEDVFPVW,10,TIL,A*24:02,LYEDVFPVW,9,4.2,113.1,,3.07,0.555555555555556,1.08717403804613,6.95160807530515e-09,7.0,8.0,False,0.0,0.0,,,,LYEDVFAVW
407,A*24:02_LYTNWYLESLF,10,TIL,A*24:02,LYTNWYLESLF,11,0.89,89.1,1.886799,0.89,0.454545454545455,0.104913014886766,0.0151242984958687,11.0,6.0,False,0.0,,,,,LYTNWYLESLL
408,A*24:02_MWSVWDPMYVW,10,TIL,A*24:02,MWSVWDPMYVW,11,181.0,374.6,,1.05,0.636363636363636,0.306479801434841,5.89525546407173e-05,9.0,4.0,False,0.0,0.0,,,,MWSVWDPMSVW
409,A*24:02_PWQASLFHL,10,TIL,A*24:02,PWQASLFHL,9,19.0,123.0,,0.36,0.444444444444444,0.475270479134467,0.501912228143914,5.0,8.0,False,0.0,0.0,,,,PWQAGLFHL
410,A*24:02_PYLPSPCPP,10,TIL,A*24:02,PYLPSPCPP,9,264.0,20804.7,,0.16,0.222222222222222,,0.999941496729779,5.0,3.0,False,0.0,0.0,,,,PYLPPPCPP
411,A*24:02_QPWQASLFHL,10,TIL,A*24:02,QPWQASLFHL,10,15976.0,702.9,,0.36,0.4,0.527980169758882,0.503809885547092,6.0,3.0,False,0.0,0.0,,,,QPWQAGLFHL
412,A*24:02_RHSPAPFSKF,10,TIL,A*24:02,RHSPAPFSKF,10,273.0,418.4,1.13976,0.56,0.2,0.0636714288147082,0.0,10.0,4.0,False,0.0,0.0,,,,RHSPAPFSKS
413,A*24:02_RMPKLLKSLF,10,TIL,A*24:02,RMPKLLKSLF,10,108.0,70.5,9.321243,1.65,0.5,0.179200947150346,5.89524745824429e-05,1.0,8.0,False,0.0,0.0,,,,QMPKLLKSLF
414,A*24:02_RVVSGAYYF,10,TIL,A*24:02,RVVSGAYYF,9,465.0,138.8,26.611488,1.04,0.333333333333333,0.167012459443389,,8.0,5.0,False,0.0,0.0,,,,RVVSGAYDF
415,A*24:02_SLFHLTRLF,10,TIL,A*24:02,SLFHLTRLF,9,694.0,911.3,,1.03,0.555555555555556,0.213289332022656,,1.0,2.0,False,0.0,0.0,,,,GLFHLTRLF
416,A*24:02_SLVPCLPEFF,10,TIL,A*24:02,SLVPCLPEFF,10,2539.0,1744.1,,0.51,0.6,,,10.0,2.0,False,0.0,0.0,,,,SLVPCLPEFS
417,A*24:02_SQPWQASLF,10,TIL,A*24:02,SQPWQASLF,9,1927.0,366.5,,0.42,0.333333333333333,0.58856592259515,,7.0,5.0,False,0.0,0.0,,,,SQPWQAGLF;SQPWQAALF
418,A*24:02_SQPWQASLFHL,10,TIL,A*24:02,SQPWQASLFHL,11,509.0,1723.1,,0.42,0.363636363636364,0.663803066492025,0.667517630666613,7.0,1.0,False,0.0,0.0,,,,SQPWQAGLFHL
419,A*24:02_VFIQTRGGTF,10,TIL,A*24:02,VFIQTRGGTF,10,6.9,533.4,,2.14,0.4,,0.0,,1.0,False,0.0,0.0,,,,
420,A*24:02_VFPVWEVIW,10,TIL,A*24:02,VFPVWEVIW,9,15.0,164.0,,0.88,0.777777777777778,0.902172936706158,0.500000000875674,3.0,7.0,False,0.0,0.0,,,,VFAVWEVIW
421,A*24:02_VYCEEYYLF,10,TIL,A*24:02,VYCEEYYLF,9,17.0,6.1,,82.53,0.444444444444444,0.198039323575804,2.66881892112655e-11,6.0,4.0,True,1.0,0.335,,,,VYCEEDYLF
422,A*24:02_VYCEEYYLFS,10,TIL,A*24:02,VYCEEYYLFS,10,698.0,114.4,,82.53,0.4,0.157056562328391,2.66881892112655e-11,6.0,2.0,False,0.0,0.0,,,,VYCEEDYLFS
423,A*24:02_VYPFYRFRLI,10,TIL,A*24:02,VYPFYRFRLI,10,3.5,39.0,,4.17,0.5,0.0024855329237515,0.0,2.0,2.0,False,0.0,0.0,,,,VDPFYRFRLI
424,A*24:02_VYSLEAEAYAAF,10,TIL,A*24:02,VYSLEAEAYAAF,12,1216.0,118.7,,0.37,0.25,0.00475365896843358,0.0,2.0,2.0,False,0.0,0.0,,,,VSSLEAEAYAAF
425,A*24:02_YYFMVKVW,10,TIL,A*24:02,YYFMVKVW,8,348.0,508.5,,3.91,0.625,0.496359703211469,0.0,2.0,2.0,False,0.0,0.0,,,,YDFMVKVW
426,A*68:01_ATFEEWFPQR,1,PBMC,A*68:01,ATFEEWFPQR,10,20.0,23.3,48.469401,6.96,0.3,0.00133394509888846,0.0,10.0,10.0,False,0.0,0.0,,,,ATFEEWFPQG
427,A*68:01_CTFCPPPLPK,1,PBMC,A*68:01,CTFCPPPLPK,10,158.0,29.5,32.217484,1.96,0.4,0.131447842251059,0.00761977109418369,1.0,9.0,False,0.0,0.0,,,,RTFCPPPLPK
428,A*68:01_DTIDVSKLNR,1,PBMC,A*68:01,DTIDVSKLNR,10,19.0,16.6,76.848704,2.43,0.3,1.80108117951704,0.0,7.0,13.0,True,1.0,0.014,,,,DTIDVSNLNR
429,A*68:01_EAFAASAVGSR,1,PBMC,A*68:01,EAFAASAVGSR,11,9.0,39.2,4.1248216,1.63,0.181818181818182,0.0381703361495559,0.0,11.0,10.0,False,0.0,0.0,,,,EAFAASAVGSG
430,A*68:01_EIIPQCIAR,1,PBMC,A*68:01,EIIPQCIAR,9,29.0,24.1,69.68075,2.61,0.444444444444444,0.0309525442269314,0.0,1.0,17.0,True,1.0,0.32,,,,KIIPQCIAR
431,A*68:01_EMASVLFK,1,PBMC,A*68:01,EMASVLFK,8,6639.0,127.8,19.070759,1.3,0.5,2.27604880848108,0.0,2.0,5.0,False,0.0,0.0,,,,EVASVLFK
432,A*68:01_EVCAPVIKR,1,PBMC,A*68:01,EVCAPVIKR,9,43.0,19.2,,4.55,0.444444444444444,,0.0,8.0,1.0,False,0.0,0.0,,,,EVCAPVIER
433,A*68:01_EVVLFHPNYNINR,1,PBMC,A*68:01,EVVLFHPNYNINR,13,6.0,64.1,,0.49,0.384615384615385,0.00199390939999191,0.999999996524401,13.0,1.0,False,0.0,0.0,,,,EVVLFHPNYNING
434,A*68:01_EYFRYLYHR,1,PBMC,A*68:01,EYFRYLYHR,9,95.0,52.6,85.7972660006,0.44,0.222222222222222,0.435141874902588,0.0,5.0,12.0,False,0.0,0.0,,,,EYFRDLYHR
435,A*68:01_FAASAVGSR,1,PBMC,A*68:01,FAASAVGSR,9,10.0,9.6,4.1248216,1.63,0.222222222222222,0.0276976852943326,0.0,9.0,13.0,False,0.0,0.001,,,,FAASAVGSG
436,A*68:01_FISGTFGLK,1,PBMC,A*68:01,FISGTFGLK,9,11.0,14.0,9.05521,0.7,0.444444444444444,0.509985592373134,3.47621388839316e-09,1.0,13.0,False,0.0,0.0,,,,SISGTFGLK
437,A*68:01_FSAKAGPAR,1,PBMC,A*68:01,FSAKAGPAR,9,72.0,35.9,26.804527,2.42,0.111111111111111,0.00662515469671745,0.0,9.0,15.0,False,0.0,0.0,,,,FSAKAGPAQ
438,A*68:01_FSAVNSLIQR,1,PBMC,A*68:01,FSAVNSLIQR,10,38.0,18.6,39.749201,2.19,0.4,0.563071499112414,0.0,2.0,13.0,False,0.0,0.0,,,,FPAVNSLIQR
439,A*68:01_FSNFIFLR,1,PBMC,A*68:01,FSNFIFLR,8,608.0,33.0,,4.93,0.625,0.0150315176983999,0.0,8.0,1.0,False,0.0,0.0,,,,FSNFIFLH
440,A*68:01_FVFSKYCHR,1,PBMC,A*68:01,FVFSKYCHR,9,4.0,5.4,247.661044,9.21,0.444444444444444,0.445637655299073,0.0,7.0,15.0,False,0.0,0.0,,,,FVFSKYRHR
441,A*68:01_FVFSKYCHRA,1,PBMC,A*68:01,FVFSKYCHRA,10,387.0,134.3,,9.21,0.4,0.218860186787073,,7.0,7.0,False,0.0,0.0,,,,FVFSKYRHRA
442,A*68:01_FVRLQLTFEK,1,PBMC,A*68:01,FVRLQLTFEK,10,6336.0,53.2,3.774343,0.87,0.5,0.00840552438767331,0.0,10.0,6.0,False,0.0,0.0,,,,FVRLQLTFEE
443,A*68:01_HALDKARTR,1,PBMC,A*68:01,HALDKARTR,9,3966.0,230.5,222.36236,0.93,0.111111111111111,0.00652097857817206,0.0,9.0,12.0,False,0.0,0.0,,,,HALDKARTG
444,A*68:01_ITNFYETAMR,1,PBMC,A*68:01,ITNFYETAMR,10,42.0,15.2,42.312028,0.42,0.3,0.564489383771455,0.0,4.0,11.0,False,0.0,0.0,,,,ITNSYETAMR
445,A*68:01_MPKMGKTIYK,1,PBMC,A*68:01,MPKMGKTIYK,10,15.0,127.4,127.1952548,0.37,0.3,0.200797037279721,,9.0,11.0,False,0.0,0.0,,,,MPKMGKTIHK
446,A*68:01_MSFQQVQR,1,PBMC,A*68:01,MSFQQVQR,8,34.0,216.5,12.099731615,4.15,0.375,0.79492211947399,0.0,5.0,6.0,False,0.0,0.0,,,,MSFQEVQR
447,A*68:01_QFSAKAGPAR,1,PBMC,A*68:01,QFSAKAGPAR,10,17941.0,464.8,26.804527,2.42,0.1,0.0331640276277753,0.0,10.0,8.0,False,0.0,0.0,,,,QFSAKAGPAQ
448,A*68:01_QQFSAKAGPAR,1,PBMC,A*68:01,QQFSAKAGPAR,11,1529.0,4813.1,26.804527,2.42,0.0909090909090909,0.0911715465546595,,11.0,3.0,False,0.0,0.0,,,,QQFSAKAGPAQ
449,A*68:01_QSIWSRLQK,1,PBMC,A*68:01,QSIWSRLQK,9,135.0,37.5,7.13728680125,0.76,0.333333333333333,0.00542317752114937,0.0,9.0,6.0,False,0.0,0.0,,,,QSIWSRLQE
450,A*68:01_SAFLQLTAK,1,PBMC,A*68:01,SAFLQLTAK,9,40.0,55.7,,0.62,0.333333333333333,0.00958747318178363,0.0,9.0,9.0,False,0.0,0.0,,,,SAFLQLTAE
451,A*68:01_SSAFLQLTAK,1,PBMC,A*68:01,SSAFLQLTAK,10,190.0,52.0,,0.73,0.3,0.0069939300031866,0.0,10.0,8.0,False,0.0,0.0,,,,SSAFLQLTAE
452,A*68:01_SVGHQLFHR,1,PBMC,A*68:01,SVGHQLFHR,9,19.0,74.4,,3.93,0.333333333333333,0.464761356131817,0.0,7.0,12.0,False,0.0,0.0,,,,SVGHQLSHR
453,A*68:01_TILGEFQYFK,1,PBMC,A*68:01,TILGEFQYFK,10,50.0,17.5,2.773887,0.7,0.4,1.00672372113269,5.94051011701558e-05,5.0,7.0,False,0.0,0.0,,,,TILGGFQYFK
454,A*68:01_TNFYETAMR,1,PBMC,A*68:01,TNFYETAMR,9,2.0,37.4,42.312028,0.42,0.222222222222222,0.314658916635902,0.0,3.0,12.0,False,0.0,0.001,,,,TNSYETAMR
455,A*68:01_YTWEQMGLR,1,PBMC,A*68:01,YTWEQMGLR,9,21.0,12.8,3.6373960041,2.86,0.333333333333333,1.16400624519376,0.00767782860895672,1.0,4.0,False,0.0,0.0,,,,HTWEQMGLR
456,B*07:02_APKVEADESL,12,TIL,B*07:02,APKVEADESL,10,97.0,595.6,15.2647,6.9,0.2,3.35093069181105,0.0,8.0,8.0,False,0.0,0.0,,,,APKVEADGSL;APKVEADLSL;APKVEADMSL;APKVEADVSL
457,B*07:02_ATAAARGPV,12,TIL,B*07:02,ATAAARGPV,9,9.4,551.1,,1.27,0.111111111111111,0.105778422854027,0.0,8.0,8.0,False,0.0,0.0,,,,ATAAARGRV
458,B*07:02_CPLQCFQPRL,12,TIL,B*07:02,CPLQCFQPRL,10,3670.0,106.4,1.519533,0.79,0.5,0.00488734755747456,0.5,2.0,7.0,False,0.0,0.0,,,,CRLQCFQPRL
459,B*07:02_GPSPSSEAL,12,TIL,B*07:02,GPSPSSEAL,9,15.0,59.7,1.5922051,3.03,0.111111111111111,5.34012429540046,0.0,7.0,12.0,False,0.0,0.0,,,,GPSPSSGAL
460,B*07:02_GPVEEVRAL,12,TIL,B*07:02,GPVEEVRAL,9,129.0,85.6,,2.73,0.333333333333333,0.0419038898747158,0.0,2.0,16.0,False,0.0,0.0,,,,GRVEEVRAL
461,B*07:02_GPVEEVRALL,12,TIL,B*07:02,GPVEEVRALL,10,378.0,198.4,,2.73,0.4,0.0226210032362421,0.0,2.0,10.0,False,0.0,0.0,,,,GRVEEVRALL
462,B*07:02_KPANHRGQL,12,TIL,B*07:02,KPANHRGQL,9,1.6,3.5,,17.73,0.111111111111111,,0.0,,1.0,False,0.0,0.0,,,,
463,B*07:02_KPMEAVTVAV,12,TIL,B*07:02,KPMEAVTVAV,10,26.0,17.8,0.820897,14.43,0.4,0.368399742162607,0.0,3.0,3.0,False,0.0,0.0,,,,KPKEAVTVAV
464,B*07:02_LPGLILYTL,12,TIL,B*07:02,LPGLILYTL,9,209.0,369.8,23.96313,0.77,0.555555555555556,0.349347694914901,3.47580404973379e-09,9.0,13.0,False,0.0,0.0,,,,LPGLILYTF
465,B*07:02_RGPVEEVRAL,12,TIL,B*07:02,RGPVEEVRAL,10,8714.0,43.4,,2.73,0.3,0.0143360092891531,,3.0,8.0,False,0.0,,,,,RGRVEEVRAL
466,B*07:02_RGRMQTASL,12,TIL,B*07:02,RGRMQTASL,9,1.7,57.7,2.87527,1.5,0.222222222222222,1.09565827644303,0.0,4.0,10.0,True,1.0,0.0295,,,,RGRRQTASL
467,B*07:02_RPRRVEIVAL,12,TIL,B*07:02,RPRRVEIVAL,10,7.5,4.2,,26.82,0.4,1.27272727272727,0.0,8.0,2.0,False,0.0,0.0,,,,RPRRVEIAAL
468,B*07:02_RPTYEEGFL,12,TIL,B*07:02,RPTYEEGFL,9,864.0,117.7,,1.12,0.222222222222222,0.252931285974384,,4.0,7.0,False,0.0,0.0,,,,RPTDEEGFL
469,B*07:02_RPVGGRPGW,12,TIL,B*07:02,RPVGGRPGW,9,161.0,707.0,14.25145,0.71,0.222222222222222,0.553370817235063,0.999999999999998,3.0,8.0,False,0.0,0.0,,,,RPGGGRPGW
470,B*07:02_RPVWKLVKV,12,TIL,B*07:02,RPVWKLVKV,9,19.0,60.8,9.659287,2.61,0.555555555555556,0.00169930368818901,0.0,1.0,5.0,False,0.0,0.0,,,,
471,B*07:02_SPWKDGDEL,12,TIL,B*07:02,SPWKDGDEL,9,431.0,173.0,10.959137,1.03,0.222222222222222,0.81118426409359,0.999999999999795,5.0,9.0,False,0.0,0.0,,,,SPWKEGDEL
472,B*07:02_TPGTRGPI,12,TIL,B*07:02,TPGTRGPI,8,13.0,341.3,7.142663,1.34,0.125,0.0428141823231935,0.00761977109418369,8.0,10.0,False,0.0,0.0,,,,TPGTRGPR
473,B*07:02_VPTLGRGGW,12,TIL,B*07:02,VPTLGRGGW,9,4575.0,1881.6,17.1763248,0.5,0.333333333333333,0.593378685399851,,1.0,5.0,False,0.0,0.0,,,,
474,B*08:01_AIRVRTFRA,10,TIL,B*08:01,AIRVRTFRA,9,476.0,479.8,,0.18,0.333333333333333,5.21952181403292,0.0,2.0,4.0,False,0.0,,,,,AMRVRTFRA
475,B*08:01_ALKCRVALSL,3,PBMC,B*08:01,ALKCRVALSL,10,,58.6,17.697872,0.4,0.5,0.00986591933374562,0.0,10.0,8.0,False,0.0,0.0,,0.0,0.0,ALKCRVALSP
476,B*08:01_ALREHFQPQL,10,TIL,B*08:01,ALREHFQPQL,10,1706.0,108.3,,0.14,0.3,0.00623780865813777,0.0,4.0,3.0,False,0.0,,,,,
477,B*08:01_ALVNKRNAL,10,TIL,B*08:01,ALVNKRNAL,9,59.0,126.7,,0.26,0.333333333333333,0.148169804701205,0.0,7.0,4.0,False,0.0,,,,,ALVNKRDAL
478,B*08:01_APFSKFSTF,10,TIL,B*08:01,APFSKFSTF,9,9590.0,181.2,1.13976,0.39,0.333333333333333,0.173263860376353,0.0,6.0,5.0,False,0.0,,,,,APFSKSSTF
479,B*08:01_DLLLRTAQL,3,PBMC,B*08:01,DLLLRTAQL,9,69.0,126.3,,0.3,0.444444444444444,0.452688172043011,0.0,4.0,3.0,False,0.0,0.0,,0.0,0.0,DLLPRTAQL
480,B*08:01_EIRSRNNAL,3,PBMC,B*08:01,EIRSRNNAL,9,107.0,41.6,,0.45,0.222222222222222,0.261555394405593,3.47580404973379e-09,7.0,6.0,False,0.0,0.0,,0.0,0.0,EIRSRNDAL
481,B*08:01_ELKEKTLNL,3,PBMC,B*08:01,ELKEKTLNL,9,486.0,68.5,,0.31,0.333333333333333,,0.0,3.0,2.0,False,0.0,0.0,,0.0,0.0,ELEEKTLNL
482,B*08:01_ELKFYVNHL,3,PBMC,B*08:01,ELKFYVNHL,9,854.0,145.4,40.4560251,0.21,0.444444444444444,0.846042870395501,0.0,4.0,14.0,False,0.0,0.0,,0.0,0.0,ELKSYVNHL
483,B*08:01_EPQRARSLTV,10,TIL,B*08:01,EPQRARSLTV,10,1302.0,429.5,,0.25,0.2,0.690499638851105,0.999999773659969,8.0,4.0,False,0.0,,,,,EPQRARSHTV
484,B*08:01_EVKEVFQAL,10,TIL,B*08:01,EVKEVFQAL,9,635.0,243.3,,0.39,0.444444444444444,0.226319212910169,0.0,6.0,5.0,False,0.0,,,,,EVKEVLQAL
485,B*08:01_FMAIRNSL,3,PBMC,B*08:01,FMAIRNSL,8,,22.4,30.4856401,0.49,0.5,0.780741291707069,0.0,7.0,6.0,False,0.0,0.0,,0.0,0.0,FMAIRNPL
486,B*08:01_FNSVRKRMSV,10,TIL,B*08:01,FNSVRKRMSV,10,2854.0,247.8,1.062857,0.3,0.4,0.368056169619084,0.0,2.0,3.0,False,0.0,0.0,,,,FDSVRKRMSV
487,B*08:01_FPGIKAHPV,3,PBMC,B*08:01,FPGIKAHPV,9,,41.5,12.73401,0.4,0.333333333333333,0.0406409972552219,0.0,5.0,13.0,False,0.0,0.0,,0.0,0.0,FPGIEAHPV
488,B*08:01_FPRKPRPKL,10,TIL,B*08:01,FPRKPRPKL,9,69.0,300.0,,0.36,0.222222222222222,1.10227696059683,0.0,4.0,3.0,False,0.0,0.0,,,,FPREPRPKL
489,B*08:01_FPYCRAHVL,10,TIL,B*08:01,FPYCRAHVL,9,9.7,8.9,,2.16,0.444444444444444,1.08536585365854,0.0,6.0,1.0,False,0.0,,,,,FPYCRSHVL
490,B*08:01_FRLLRYQPL,3,PBMC,B*08:01,FRLLRYQPL,9,10.0,20.7,0.71422964409,0.98,0.444444444444444,0.508503468918548,0.0,1.0,7.0,False,0.0,0.0,,0.0,0.0,SRLLRYQPL
491,B*08:01_HALRRHYHL,3,PBMC,B*08:01,HALRRHYHL,9,52.0,10.3,40.43526,0.47,0.222222222222222,0.02101913823682,0.0,9.0,15.0,True,1.0,0.115,,0.0,0.0,HALRRHYHP
492,B*08:01_HMKAKLAML,10,TIL,B*08:01,HMKAKLAML,9,46.0,15.5,,0.53,0.444444444444444,1.58163265306122,0.0,8.0,2.0,False,0.0,,,,,HMKAKLAVL
493,B*08:01_ILTTRIHKL,10,TIL,B*08:01,ILTTRIHKL,9,114.0,161.7,5.523725,0.29,0.444444444444444,1.34862385321101,0.0,8.0,4.0,False,0.0,,,,,ILTTRIHEL
494,B*08:01_IVHHRIHTA,10,TIL,B*08:01,IVHHRIHTA,9,63.0,298.7,,0.29,0.333333333333333,0.968533514639804,,4.0,3.0,False,0.0,0.0,,,,IVHQRIHTA
495,B*08:01_KLKNKQQQL,10,TIL,B*08:01,KLKNKQQQL,9,166.0,212.2,22.869047,0.23,0.222222222222222,2.14079170743586,0.0,4.0,6.0,False,0.0,,,,,KLKKKQQQL
496,B*08:01_KPRPKLHHSL,10,TIL,B*08:01,KPRPKLHHSL,10,36.0,161.2,,0.47,0.2,1.76475422048299,1.20812138761297e-17,1.0,4.0,False,0.0,0.0,,,,EPRPKLHHSL
497,B*08:01_LLRKNFFYF,10,TIL,B*08:01,LLRKNFFYF,9,456.0,65.9,,0.18,0.555555555555556,0.340041279669763,0.0,1.0,4.0,False,0.0,0.0,,,,RLRKNFFYF
498,B*08:01_LMKKRDNL,3,PBMC,B*08:01,LMKKRDNL,8,,72.9,3.0482328,0.25,0.375,0.542127855643368,0.0,7.0,5.0,False,0.0,0.0,,0.0,0.0,LMKKRDDL
499,B*08:01_LVNKRNAL,10,TIL,B*08:01,LVNKRNAL,8,72.0,109.4,,0.43,0.375,0.18349547131835,0.0,6.0,2.0,False,0.0,0.0,,,,LVNKRDAL
500,B*08:01_MARAIRVRTF,10,TIL,B*08:01,MARAIRVRTF,10,2528.0,65.6,,0.38,0.4,1.52558139534884,0.0,5.0,3.0,False,0.0,,,,,MARAMRVRTF
501,B*08:01_MIRRRRPTL,3,PBMC,B*08:01,MIRRRRPTL,9,22.0,5.3,,0.51,0.333333333333333,0.0183137525915688,0.0,9.0,4.0,False,0.0,0.0,,0.0,0.0,MIRRRRPTP
502,B*08:01_MKYPRLCIL,3,PBMC,B*08:01,MKYPRLCIL,9,135.0,312.5,31.434542,0.54,0.555555555555556,1.10185899137598,0.0297979275619618,6.0,8.0,False,0.0,0.0,,0.0,0.0,MKYPRICIL
503,B*08:01_MLRELSSAF,3,PBMC,B*08:01,MLRELSSAF,9,65.0,56.7,,0.41,0.444444444444444,0.213800904977376,0.0,1.0,1.0,False,0.0,0.0,,0.0,0.0,TLRELSSAF
504,B*08:01_NLFKRLMIV,3,PBMC,B*08:01,NLFKRLMIV,9,,82.5,24.336532,0.24,0.666666666666667,0.202710731008181,0.0,2.0,11.0,False,0.0,0.0,,0.0,0.0,NSFKRLMIV
505,B*08:01_NPRMKPQM,10,TIL,B*08:01,NPRMKPQM,8,123.0,591.6,0.166075,0.27,0.25,0.849014044395352,1.35803864849162e-06,5.0,3.0,False,0.0,,,,,NPRMRPQM
506,B*08:01_NSVRKRMSV,10,TIL,B*08:01,NSVRKRMSV,9,198.0,136.3,1.062857,0.33,0.333333333333333,0.214116692825882,0.0,1.0,5.0,False,0.0,0.0,,,,DSVRKRMSV
507,B*08:01_QLKEHWNHL,3,PBMC,B*08:01,QLKEHWNHL,9,,103.5,3.0482328,0.28,0.333333333333333,0.154706331475594,0.0,7.0,12.0,False,0.0,0.0,,0.0,0.0,QLKEHWDHL
508,B*08:01_QLKMKKLSA,3,PBMC,B*08:01,QLKMKKLSA,9,,80.1,54.8937861647,0.19,0.333333333333333,0.538374786030839,0.0,7.0,12.0,False,0.0,0.0,,0.0,0.0,QLKMKKSSA;QLKMKKPSA
509,B*08:01_RLKQEKAFSL,3,PBMC,B*08:01,RLKQEKAFSL,10,,92.3,109.16061,0.23,0.3,0.918976455263088,0.0,2.0,10.0,False,0.0,0.0,,0.0,0.0,RPKQEKAFSL
510,B*08:01_SIRDHPQAL,10,TIL,B*08:01,SIRDHPQAL,9,353.0,72.2,,0.3,0.222222222222222,,0.0,7.0,1.0,False,0.0,,,,,SIRDHPEAL
511,B*08:01_SKLKNKQQQL,10,TIL,B*08:01,SKLKNKQQQL,10,1646.0,698.6,,0.23,0.2,1.95686274509804,0.0,5.0,3.0,False,0.0,0.0,,,,SKLKKKQQQL
512,B*08:01_SLFHLTRL,10,TIL,B*08:01,SLFHLTRL,8,59044.0,1581.0,,0.16,0.5,0.26597355405269,,1.0,1.0,False,0.0,0.0,,,,GLFHLTRL
513,B*08:01_SPLHRHNVF,3,PBMC,B*08:01,SPLHRHNVF,9,,77.0,9.4597253,0.55,0.333333333333333,0.0333017979451936,0.0,1.0,5.0,False,0.0,0.0,,0.0,0.0,PPLHRHNVF
514,B*08:01_VALVNKRNAL,10,TIL,B*08:01,VALVNKRNAL,10,1592.0,193.4,,0.27,0.4,0.153931868831582,0.0,8.0,3.0,False,0.0,0.0,,,,VALVNKRDAL
515,B*08:01_VSFVRINSL,3,PBMC,B*08:01,VSFVRINSL,9,,154.0,12.40557,0.34,0.555555555555556,0.0287300095537941,,9.0,13.0,False,0.0,0.0,,0.0,0.0,VSFVRINSS
516,B*08:01_WGKLHVASL,3,PBMC,B*08:01,WGKLHVASL,9,32.0,13.6,338.8826,0.31,0.444444444444444,0.508604197986749,0.0,4.0,16.0,False,0.0,0.0033,,0.0,0.0,WGKPHVASL
517,B*08:01_WLLRKNFF,10,TIL,B*08:01,WLLRKNFF,8,9.0,397.0,,0.25,0.625,0.176651954301375,0.0,2.0,3.0,False,0.0,0.0,,,,WRLRKNFF
518,B*08:01_YGYSRVNPM,3,PBMC,B*08:01,YGYSRVNPM,9,40.0,50.5,47.67873,0.78,0.222222222222222,2.76265342930768,0.999999996550681,4.0,8.0,False,0.0,0.0,,0.0,0.0,YGYRRVNPM
519,B*08:01_YLLLRNLSI,10,TIL,B*08:01,YLLLRNLSI,9,15.0,21.4,,0.41,0.555555555555556,0.144010767160162,0.0,2.0,2.0,False,0.0,0.0,,,,YFLLRNLSI
520,B*08:01_YPRYRLEPM,10,TIL,B*08:01,YPRYRLEPM,9,13.0,11.8,,1.39,0.222222222222222,0.501630478008431,0.0,1.0,3.0,False,0.0,,,,,SPRYRLEPM
521,B*08:01_YVKSLSRVM,10,TIL,B*08:01,YVKSLSRVM,9,,538.4,,0.4,0.444444444444444,0.146859060036551,,1.0,5.0,False,0.0,,,,,DVKSLSRVM
522,B*27:05_HRDRLIGLMM,16,TIL,B*27:05,HRDRLIGLMM,10,155.0,76.1,0.285446,0.4,0.5,0.681711663006712,0.0,5.0,5.0,False,0.0,0.0,,,,HRDRVIGLMM
523,B*27:05_HRIELDPSKF,16,TIL,B*27:05,HRIELDPSKF,10,59.0,96.2,,0.68,0.3,0.339426475959763,0.0,10.0,8.0,False,0.0,0.0,,,,HRIELDPSKV
524,B*27:05_KRACCIPGR,16,TIL,B*27:05,KRACCIPGR,9,13.0,30.4,,1.78,0.333333333333333,0.00343257917998513,0.0,2.0,5.0,False,0.0,0.0,,,,KTACCIPGR
525,B*27:05_KRACCIPGRR,16,TIL,B*27:05,KRACCIPGRR,10,68.0,50.8,,1.84,0.3,0.00718786278283408,0.0,2.0,4.0,False,0.0,0.0,,,,KTACCIPGRR
526,B*27:05_KRCPGRFVY,16,TIL,B*27:05,KRCPGRFVY,9,40.0,187.4,5.13844,2.34,0.333333333333333,0.01258919163277,,2.0,11.0,False,0.0,0.0,,,,KGCPGRFVY
527,B*27:05_KRRPSGFFLF,16,TIL,B*27:05,KRRPSGFFLF,10,14.0,42.1,6.41361,1.3,0.4,0.160582346100703,0.999988245051672,3.0,8.0,False,0.0,0.0,,,,KRPPSGFFLF
528,B*27:05_LRTADWHLY,16,TIL,B*27:05,LRTADWHLY,9,200.0,539.7,4.3956955,0.49,0.333333333333333,0.701730963222781,0.0,7.0,11.0,False,0.0,0.0,,,,LRTADWRLY
529,B*27:05_LRTADWHLYL,16,TIL,B*27:05,LRTADWHLYL,10,317.0,92.4,4.3956955,0.44,0.4,1.45387268113593,0.0,7.0,10.0,False,0.0,0.0,,,,LRTADWRLYL
530,B*27:05_NRYAVQDFL,16,TIL,B*27:05,NRYAVQDFL,9,98.0,224.9,0.848997,0.44,0.333333333333333,0.0704916309810865,0.0,3.0,9.0,False,0.0,0.0,,,,NRDAVQDFL
531,B*27:05_NRYAVQDFLH,16,TIL,B*27:05,NRYAVQDFLH,10,321.0,160.8,0.848997,0.84,0.3,0.12209746472035,0.0,3.0,8.0,False,0.0,0.0,,,,NRDAVQDFLH
532,B*27:05_RRHIEIRDK,16,TIL,B*27:05,RRHIEIRDK,9,27.0,221.0,1.60549,0.79,0.222222222222222,0.256128135532829,0.0,8.0,9.0,False,0.0,0.0,,,,RRHIEIRDQ
533,B*27:05_RRPSGFFL,16,TIL,B*27:05,RRPSGFFL,8,668.0,274.3,6.41361,0.77,0.375,0.0531325568673194,0.999988208948994,2.0,5.0,False,0.0,0.0,,,,RPPSGFFL
534,B*27:05_RRPSGFFLF,16,TIL,B*27:05,RRPSGFFLF,9,8.1,77.9,6.41361,0.94,0.444444444444444,0.0260589140624989,0.999988208948994,2.0,8.0,False,0.0,0.0,,,,RPPSGFFLF
535,B*27:05_RRQSMTVKR,16,TIL,B*27:05,RRQSMTVKR,9,27.0,31.5,,4.62,0.222222222222222,2e-05,0.0,1.0,1.0,False,0.0,0.0,,,,
536,B*27:05_RRQSMTVKRE,16,TIL,B*27:05,RRQSMTVKRE,10,353.0,224.8,,4.62,0.2,2e-05,,1.0,1.0,False,0.0,0.0,,,,
537,B*27:05_RRSMLFAR,16,TIL,B*27:05,RRSMLFAR,8,8.1,46.4,15.071688,3.93,0.375,0.879008000787142,0.0,5.0,6.0,False,0.0,0.0,,,,RRSMVFAR
538,B*27:05_RRSMLFARH,16,TIL,B*27:05,RRSMLFARH,9,5.1,62.1,15.071688,3.97,0.333333333333333,0.582559182475386,0.0,5.0,10.0,True,1.0,0.175,,,,RRSMVFARH
539,B*27:05_RRSMLFARHL,16,TIL,B*27:05,RRSMLFARHL,10,2.9,9.6,15.071688,2.47,0.4,0.862949335956714,0.0,5.0,8.0,False,0.0,0.0,,,,RRSMVFARHL
540,B*27:05_RRSMLFARHLR,16,TIL,B*27:05,RRSMLFARHLR,11,7.6,41.9,,2.47,0.363636363636364,0.702955263873895,0.0,5.0,6.0,False,0.0,0.0,,,,RRSMVFARHLR
541,B*27:05_SQNQHENDI,16,TIL,B*27:05,SQNQHENDI,9,2359.0,26314.2,,0.16,0.111111111111111,,,1.0,1.0,False,0.0,0.0,,,,NQNQHENDI
542,B*27:05_SRMGQTVIAV,16,TIL,B*27:05,SRMGQTVIAV,10,32.0,78.0,7.960387,0.95,0.4,1.10795454545455,0.0,8.0,9.0,False,0.0,0.0,,,,SRMGQTVRAV
543,B*27:05_YRHVHLRSF,16,TIL,B*27:05,YRHVHLRSF,9,31.0,65.4,0.110281,0.9,0.333333333333333,1.122832630045,0.0,5.0,12.0,False,0.0,0.0,,,,YRHVPLRSF
544,B*44:02_ADTSEARPFW,1,PBMC,B*44:02,ADTSEARPFW,10,27714.0,620.1,,0.35,0.2,0.0345462044527457,0.0,10.0,7.0,False,0.0,0.0,,,,ADTSEARPFR
545,B*44:02_AEATRHFSGPVW,16,TIL,B*44:02,AEATRHFSGPVW,12,49.0,42.6,,0.7,0.25,,0.0,7.0,1.0,False,0.0,0.0,,,,AEATRHVSGPVW
546,B*44:02_AELEEVSSY,1,PBMC,B*44:02,AELEEVSSY,9,956.0,18.8,,2.85,0.222222222222222,0.0128004357595152,5.89524745824429e-05,9.0,3.0,False,0.0,0.0,,,,AELEEVSSH
547,B*44:02_AELLAKQLY,16,TIL,B*44:02,AELLAKQLY,9,31.0,28.9,0.527042684,3.16,0.333333333333333,0.411730236201403,0.0,7.0,8.0,False,0.0,0.0,,,,AELLAKELY
548,B*44:02_AEQQGACPGL,10,TIL,B*44:02,AEQQGACPGL,10,575.0,362.2,2.447814,0.99,0.2,0.390809092647966,0.0,4.0,7.0,False,0.0,0.0,,,,AEQRGACPGL
549,B*44:02_AEVSVLYTV,16,TIL,B*44:02,AEVSVLYTV,9,2621.0,84.9,0.0,1.15,0.444444444444444,0.0126993811187336,0.0,2.0,4.0,False,0.0,0.0,,,,AGVSVLYTV
550,B*44:02_AEYQDMHSY,10,TIL,B*44:02,AEYQDMHSY,9,43.0,16.4,0.931241,3.28,0.111111111111111,0.536622529644269,0.0,3.0,6.0,True,1.0,0.47,,,,AEHQDMHSY
551,B*44:02_EAIYETYTW,1,PBMC,B*44:02,EAIYETYTW,9,3808.0,4882.2,,0.52,0.222222222222222,,,7.0,1.0,False,0.0,0.0,,,,EAIYETHTW
552,B*44:02_EDNKHAPSSW,16,TIL,B*44:02,EDNKHAPSSW,10,9436.0,1529.2,,0.3,0.1,2e-05,0.0,1.0,1.0,False,0.0,0.0,,,,
553,B*44:02_EEFLDPSRPY,16,TIL,B*44:02,EEFLDPSRPY,10,41.0,96.9,,0.76,0.2,0.0218124013395179,0.0,2.0,8.0,False,0.0,0.0,,,,EKFLDPSRPY
554,B*44:02_EENSTGSLY,1,PBMC,B*44:02,EENSTGSLY,9,667.0,56.3,8.407509273,1.32,0.111111111111111,0.0021906513040135,0.0,2.0,6.0,False,0.0,0.0,,,,EGNSTGSLY
555,B*44:02_EEQCLQWDL,10,TIL,B*44:02,EEQCLQWDL,9,194.0,293.1,2.879492,0.43,0.444444444444444,0.488737241576948,0.0,5.0,7.0,False,0.0,0.0,,,,EEQCRQWDL
556,B*44:02_EEQCLQWDLY,10,TIL,B*44:02,EEQCLQWDLY,10,1360.0,43.6,2.879492,0.79,0.4,0.45359105570775,0.0,5.0,10.0,False,0.0,0.0,,,,EEQCRQWDLY
557,B*44:02_EEQEPVQQL,1,PBMC,B*44:02,EEQEPVQQL,9,1500.0,556.5,,0.63,0.222222222222222,1.74574316159508,4.52679959335127e-07,1.0,2.0,False,0.0,0.0,,,,GEQEPVQQL
558,B*44:02_EESSNNLTKF,1,PBMC,B*44:02,EESSNNLTKF,10,6104.0,286.9,231.098211,0.92,0.2,1.18296307061885,0.0,9.0,9.0,False,0.0,0.0,,,,EESSNNLTQF
559,B*44:02_EEVKEVFQAL,10,TIL,B*44:02,EEVKEVFQAL,10,4690.0,807.0,,0.61,0.4,,,7.0,3.0,False,0.0,0.0,,,,EEVKEVLQAL
560,B*44:02_EEYYLFSGF,10,TIL,B*44:02,EEYYLFSGF,9,54.0,54.1,,0.5,0.333333333333333,0.305304740406321,0.0,3.0,3.0,False,0.0,0.0,,,,EEDYLFSGF
561,B*44:02_GEEVLLHAF,1,PBMC,B*44:02,GEEVLLHAF,9,6.0,136.3,79.016063,0.55,0.444444444444444,1.13835803580696,3.47580404973379e-09,4.0,11.0,False,0.0,0.0,,,,GEEMLLHAF
562,B*44:02_GEIFAQRVSW,1,PBMC,B*44:02,GEIFAQRVSW,10,94.0,26.4,21.59625364,0.9,0.4,,0.0,3.0,2.0,False,0.0,0.0,,,,
563,B*44:02_GENGQNLVKW,1,PBMC,B*44:02,GENGQNLVKW,10,125.0,57.7,,1.07,0.3,,5.89524745824429e-05,9.0,1.0,False,0.0,0.0,,,,GENGQNLVEW
564,B*44:02_GEQPFISGTF,1,PBMC,B*44:02,GEQPFISGTF,10,699.0,60.2,9.05521,0.92,0.3,0.543029638239279,0.0,5.0,11.0,False,0.0,0.0,,,,GEQPSISGTF
565,B*44:02_HEACNCGNTV,10,TIL,B*44:02,HEACNCGNTV,10,6250.0,1181.5,,0.71,0.3,0.957145171743357,,6.0,4.0,False,0.0,0.0,,,,HEACNYGNTV
566,B*44:02_IENIWSPEG,1,PBMC,B*44:02,IENIWSPEG,9,,2686.8,,0.19,0.333333333333333,0.417192012670414,0.999999773666641,5.0,4.0,False,0.0,0.0,,,,IENIRSPEG
567,B*44:02_IENRYAVQDF,16,TIL,B*44:02,IENRYAVQDF,10,264.0,129.0,0.848997,1.09,0.3,0.53952073339831,0.0,5.0,9.0,False,0.0,0.0,,,,IENRDAVQDF
568,B*44:02_KEEVKEVFQA,10,TIL,B*44:02,KEEVKEVFQA,10,30900.0,8303.5,,0.59,0.3,,,8.0,1.0,False,0.0,0.0,,,,KEEVKEVLQA
569,B*44:02_KEIIPQCI,1,PBMC,B*44:02,KEIIPQCI,8,39670.0,2450.9,69.68075,1.49,0.5,0.0719337019144052,,2.0,4.0,False,0.0,0.0,,,,KKIIPQCI
570,B*44:02_KEIIPQCIA,1,PBMC,B*44:02,KEIIPQCIA,9,35508.0,5281.5,69.68075,1.49,0.444444444444444,0.125989472395963,,2.0,7.0,False,0.0,0.0,,,,KKIIPQCIA
571,B*44:02_LETLQSVRQCF,10,TIL,B*44:02,LETLQSVRQCF,11,1590.0,2304.7,,0.92,0.454545454545455,0.611650485436893,,9.0,1.0,False,0.0,0.0,,,,LETLQSVRPCF
572,B*44:02_MEEFLDPSRPY,16,TIL,B*44:02,MEEFLDPSRPY,11,229.0,637.1,,0.62,0.272727272727273,0.935879193012014,0.0,3.0,6.0,False,0.0,0.0,,,,MEKFLDPSRPY
573,B*44:02_MENIEVYNEF,1,PBMC,B*44:02,MENIEVYNEF,10,701.0,33.2,,1.25,0.4,1.4954954954955,0.0,8.0,1.0,False,0.0,0.0,,,,MENIEVYHEF
574,B*44:02_MESARKAWENF,1,PBMC,B*44:02,MESARKAWENF,11,4927.0,397.5,110.061594881,0.89,0.272727272727273,0.0286128361951062,0.0,11.0,8.0,False,0.0,0.0,,,,MESARKAWENS
575,B*44:02_PEARNAILTQW,1,PBMC,B*44:02,PEARNAILTQW,11,5061.0,3444.4,,1.41,0.272727272727273,,5.89524745824431e-05,2.0,1.0,False,0.0,0.0,,,,PGARNAILTQW
576,B*44:02_QEAWTAAAM,10,TIL,B*44:02,QEAWTAAAM,9,197.0,124.7,,1.04,0.222222222222222,,0.0,,,False,0.0,0.0,,,,
577,B*44:02_QEAWTAAAMY,10,TIL,B*44:02,QEAWTAAAMY,10,138.0,42.5,,2.35,0.2,,0.0,,,False,0.0,0.0,,,,
578,B*44:02_REEQCLQW,10,TIL,B*44:02,REEQCLQW,8,198.0,424.9,2.879492,1.02,0.375,1.282459961858,0.0,6.0,4.0,False,0.0,0.0,,,,REEQCRQW
579,B*44:02_REEQCLQWDL,10,TIL,B*44:02,REEQCLQWDL,10,25400.0,519.3,,1.02,0.4,0.759112869529012,,6.0,4.0,False,0.0,0.0,,,,REEQCRQWDL
580,B*44:02_REMLKRQERF,1,PBMC,B*44:02,REMLKRQERF,10,256.0,194.0,21.59625364,1.55,0.3,0.111644500250994,0.0,10.0,10.0,False,0.0,0.0,,,,REMLKRQERL
581,B*44:02_RENGKQQW,10,TIL,B*44:02,RENGKQQW,8,921.0,679.7,,1.53,0.125,,1.5734275536184e-15,8.0,1.0,False,0.0,0.0,,,,RENGKQQR
582,B*44:02_REYLYVYKI,16,TIL,B*44:02,REYLYVYKI,9,673.0,349.7,8.854365,1.24,0.333333333333333,0.152675795312996,,9.0,12.0,False,0.0,0.0,,,,REYLYVYKN;REYLYVYKV
583,B*44:02_SEGKLPYSY,16,TIL,B*44:02,SEGKLPYSY,9,572.0,48.4,,1.87,0.111111111111111,1.31462493206291,0.999941047525418,4.0,12.0,False,0.0,0.0,,,,SEGTLPYSY
584,B*44:02_SERVLTEIF,1,PBMC,B*44:02,SERVLTEIF,9,407.0,161.7,52.051897,0.75,0.444444444444444,0.0256577814633602,,9.0,13.0,False,0.0,0.0,,,,SERVLTEIS
585,B*44:02_SESSTIQEV,10,TIL,B*44:02,SESSTIQEV,9,116.0,75.5,,0.66,0.222222222222222,0.0154875255057556,,2.0,5.0,False,0.0,0.0,,,,SGSSTIQEV
586,B*44:02_SEVAVSVLSA,16,TIL,B*44:02,SEVAVSVLSA,10,10229.0,600.0,8.19211,0.38,0.4,0.776598498576236,,9.0,7.0,False,0.0,0.0,,,,SEVAVSVLNA
587,B*44:02_VEHINISQDW,10,TIL,B*44:02,VEHINISQDW,10,75.0,32.4,3.963,0.93,0.4,1.0617759585363,1.20812138761297e-17,3.0,8.0,True,1.0,12.25,,,,VEQINISQDW
588,B*44:02_VEKSELWMY,1,PBMC,B*44:02,VEKSELWMY,9,14948.0,221.9,15.6385868341,1.11,0.444444444444444,0.812148538073328,0.0,8.0,13.0,False,0.0,0.0,,,,VEKSELWVY
589,B*44:02_YEDVFPVW,10,TIL,B*44:02,YEDVFPVW,8,6150.0,343.9,,0.97,0.5,1.37242126210669,6.95160807530515e-09,6.0,3.0,False,0.0,0.0,,,,YEDVFAVW
590,B*57:01_GSARALSLW,2,PBMC,B*57:01,GSARALSLW,9,62.0,9.9,,8.86,0.333333333333333,0.00854400793240806,0.0,2.0,11.0,False,,,,0.0,0.0,GPARALSLW
591,B*57:01_IIVRNATFTW,2,PBMC,B*57:01,IIVRNATFTW,10,359.0,22.3,11.804965,8.75,0.5,3.43289452666059,0.0,2.0,9.0,False,,,,0.0,0.0,ITVRNATFTW
592,B*57:01_IVRNATFTW,2,PBMC,B*57:01,IVRNATFTW,9,34.0,10.8,11.804965,8.75,0.444444444444444,0.470421881040295,0.0,1.0,14.0,False,,,,0.0,0.0,TVRNATFTW
593,B*57:01_KSFKEIKLW,2,PBMC,B*57:01,KSFKEIKLW,9,26.0,6.0,51.1624626252,49.34,0.444444444444444,0.711097399938716,0.5,5.0,16.0,True,,,,1.0,0.016,KSFKKIKLW
594,B*57:01_KTLGIKLSF,2,PBMC,B*57:01,KTLGIKLSF,9,84.0,34.4,63.179247,5.22,0.444444444444444,0.641420390350046,0.0,8.0,18.0,False,,,,0.0,0.0,KTLGIKLPF
595,B*57:01_LSLAGSDCFW,2,PBMC,B*57:01,LSLAGSDCFW,10,92.0,13.8,103.781660008,16.06,0.5,1.34848322757921,0.0,5.0,10.0,False,,,,0.0,0.0,LSLAVSDCFW
596,B*57:01_RTDKVRALW,2,PBMC,B*57:01,RTDKVRALW,9,35.0,21.4,124.20169,55.36,0.333333333333333,0.00123293249899273,0.0,9.0,16.0,False,,,,0.0,0.0,RTDKVRALR
597,C*05:01_FSDQAEVSVL,16,TIL,C*05:01,FSDQAEVSVL,10,,49.2,0.0,0.25,0.4,1.35846152111151,0.0,6.0,2.0,False,0.0,0.0,,,,FSDQAGVSVL
598,C*05:01_FTSMSAVEF,16,TIL,C*05:01,FTSMSAVEF,9,,120.1,,0.21,0.444444444444444,0.231131596669479,,1.0,5.0,False,0.0,,,,,VTSMSAVEF
599,C*05:01_KTDTGVHATL,16,TIL,C*05:01,KTDTGVHATL,10,,415.5,0.89626,0.24,0.2,2.16724802338715,,4.0,6.0,True,1.0,0.045,,,,KTDPGVHATL
600,C*05:01_LSRMGQTVI,16,TIL,C*05:01,LSRMGQTVI,9,,4348.2,,0.25,0.444444444444444,0.132683170945309,,9.0,3.0,False,0.0,0.0,,,,LSRMGQTVR
601,C*05:01_TADWHLYLF,16,TIL,C*05:01,TADWHLYLF,9,,74.1,4.3956955,0.21,0.444444444444444,0.538095481699908,0.00761977109418369,5.0,11.0,False,0.0,0.0,,,,TADWRLYLF
602,C*05:01_VQDPNDRLL,16,TIL,C*05:01,VQDPNDRLL,9,,368.3,3.794759,0.12,0.333333333333333,0.315671649717645,0.0,8.0,11.0,False,0.0,0.0,,,,VQDPNDRRL
603,C*05:01_VSDSHVYKY,16,TIL,C*05:01,VSDSHVYKY,9,,964.9,1.3262015,0.12,0.222222222222222,0.643729472490501,,4.0,8.0,False,0.0,0.0,,,,VSDRHVYKY
604,C*06:02_LRMNQSQFI,12,TIL,C*06:02,LRMNQSQFI,9,,32.1,9.659287,0.15,0.444444444444444,0.52582898361059,0.0,1.0,13.0,False,0.0,0.0,,,,PRMNQSQFI
605,C*06:02_LRMNQSQFIQ,12,TIL,C*06:02,LRMNQSQFIQ,10,,5498.3,9.659287,0.15,0.4,0.929020752613574,,1.0,4.0,False,0.0,0.0,,,,PRMNQSQFIQ
606,C*06:02_VRINTARPV,12,PBMC,C*06:02,VRINTARPV,9,,351.9,14.25145,0.14,0.333333333333333,0.11040332757617,0.0,9.0,10.0,True,1.0,0.015,,,,VRINTARPG
607,C*06:02_VRRKSRRRM,12,TIL,C*06:02,VRRKSRRRM,9,,1614.8,,0.11,0.222222222222222,0.00456996313781129,0.0,3.0,1.0,False,0.0,0.0,,,,
